121,-9.5320638,0.1176798,2.7066354,10:22:26
122,-9.2574776,0,2.353596,10:22:26
123,-9.4928372,0.0392266,2.1966896,10:22:26
124,-9.5320638,0.0392266,2.0397832,10:22:26
125,-8.9044382,0.196133,2.6281822,10:22:26
126,-9.8458766,-0.1569064,2.157463,10:22:27
127,-9.3751574,0.4707192,2.0397832,10:22:27
128,-9.1397978,0.392266,2.2751428,10:22:27
129,-9.4928372,0.0392266,2.353596,10:22:27
130,-8.825985,0.196133,2.157463,10:22:27
131,-9.3751574,0.392266,2.353596,10:22:27
132,-9.1790244,0.3138128,2.2359162,10:22:27
133,-9.610517,0.0784532,2.1182364,10:22:27
134,-9.414384,-0.2353596,2.0397832,10:22:27
135,-10.2773692,0.588399,2.157463,10:22:28
136,-9.3751574,0.196133,2.3928226,10:22:28
137,-9.9243298,0,2.2359162,10:22:28
138,-9.0613446,0.2353596,2.3143694,10:22:28
139,-10.2381426,0.1569064,2.353596,10:22:28
140,-9.1397978,0.196133,2.3928226,10:22:28
141,-8.9436648,0.392266,2.3928226,10:22:28
142,-9.2574776,0.3530394,1.96133,10:22:28
143,-9.8851032,0.1569064,2.2751428,10:22:28
144,-8.433719,0.4707192,2.2359162,10:22:29
145,-9.3359308,0.5491724,1.7259704,10:22:29
146,-10.0420096,-0.0784532,2.3928226,10:22:29
147,-9.2967042,0.196133,2.1182364,10:22:29
148,-9.6497436,0.392266,2.7850886,10:22:29
149,-8.041453,-0.0392266,2.2359162,10:22:29
150,-9.9243298,-0.4707192,2.6674088,10:22:29
151,-8.7867584,0.196133,2.3928226,10:22:29
152,-9.2574776,0,2.1966896,10:22:29
153,-9.8458766,0.1569064,1.8044236,10:22:30
154,-10.1596894,0.588399,1.6867438,10:22:30
155,-8.9044382,-0.1176798,2.0790098,10:22:30
156,-10.0812362,-0.0392266,2.5105024,10:22:30
157,-9.7281968,0.196133,2.1966896,10:22:30
158,-9.5320638,0.1176798,2.157463,10:22:30
159,-9.7674234,0.0392266,2.7850886,10:22:30
160,-10.0812362,0.2353596,2.5889556,10:22:30
161,-9.2967042,0.1569064,2.0397832,10:22:30
162,-9.9635564,-0.0392266,1.8044236,10:22:31
163,-9.7281968,-0.392266,2.4712758,10:22:31
164,-9.2967042,-0.6276256,2.5889556,10:22:31
165,-10.1204628,0.3530394,2.0005566,10:22:31
166,-11.0619012,0.1176798,2.0005566,10:22:31
167,-8.7083052,-0.4314926,2.745862,10:22:31
168,-9.3359308,-0.5491724,2.5889556,10:22:31
169,-9.5712904,0.3530394,2.2751428,10:22:31
170,-10.5127288,0.0392266,2.1182364,10:22:31
171,-9.022118,-0.4314926,2.9027684,10:22:32
172,-9.2574776,-0.6276256,2.1182364,10:22:32
173,-9.610517,0.7453054,2.2751428,10:22:32
174,-7.8845466,0.6668522,2.157463,10:22:32
175,-9.610517,0.4314926,2.2751428,10:22:32
176,-9.6889702,0.8629852,2.0005566,10:22:32
177,-9.8851032,0.5099458,2.1966896,10:22:32
178,-8.5121722,0.196133,2.3928226,10:22:32
179,-9.9243298,0.3138128,2.9027684,10:22:33
180,-8.9828914,0.3530394,1.8828768,10:22:33
181,-9.7281968,0.1569064,2.0790098,10:22:33
182,-9.5320638,0.0392266,3.1773546,10:22:33
183,-8.5906254,0.3530394,2.549729,10:22:33
184,-9.3359308,0.1176798,1.9221034,10:22:33
185,-9.3751574,0.1569064,2.1966896,10:22:33
186,-9.3751574,-0.0784532,2.7850886,10:22:33
187,-9.6497436,0.3530394,2.6281822,10:22:33
188,-9.0613446,0.2745862,1.6475172,10:22:34
189,-9.218251,0.392266,2.3143694,10:22:34
190,-10.002783,0,2.1966896,10:22:34
191,-9.7674234,-0.0392266,2.2751428,10:22:34
192,-9.5712904,0.4707192,2.3928226,10:22:34
193,-9.5712904,0.5491724,2.1966896,10:22:34
194,-9.3751574,0.3530394,2.0397832,10:22:34
195,-10.0812362,0.4314926,1.765197,10:22:34
196,-9.2967042,0.6276256,2.157463,10:22:34
197,-9.4536106,0.3138128,2.0790098,10:22:35
198,-9.9243298,0.2353596,2.3143694,10:22:35
199,-9.7281968,0.1569064,2.1182364,10:22:35
200,-9.8851032,0.4707192,2.2359162,10:22:35
201,-9.218251,0.3138128,2.3928226,10:22:35
202,-8.5121722,0.0784532,2.2751428,10:22:35
203,-10.4735022,-0.0392266,2.4712758,10:22:35
204,-10.1596894,0.0784532,2.2359162,10:22:35
205,-8.5121722,0.784532,2.0790098,10:22:35
206,-9.610517,0.8237586,1.569064,10:22:36
207,-10.7088618,0,2.5105024,10:22:36
208,-10.0420096,0.4314926,2.157463,10:22:36
209,-9.2967042,0.4314926,2.2359162,10:22:36
210,-8.433719,0.5099458,1.372931,10:22:36
211,-9.022118,0.0392266,2.2359162,10:22:36
212,-9.4536106,0.392266,2.549729,10:22:36
213,-9.0613446,0,2.6674088,10:22:36
214,-8.0806796,0.9414384,1.372931,10:22:36
215,-10.1204628,0.4707192,2.5889556,10:22:37
216,-9.414384,0.1176798,2.4320492,10:22:37
217,-9.80665,0,2.6674088,10:22:37
218,-9.610517,0.6668522,1.6867438,10:22:37
219,-9.4536106,0.6276256,2.0005566,10:22:37
220,-8.9436648,-0.196133,1.9221034,10:22:37
221,-9.8458766,-0.0784532,2.7850886,10:22:37
222,-9.022118,0.4707192,1.8436502,10:22:37
223,-9.2967042,0.4707192,2.1182364,10:22:37
224,-8.9436648,-0.7453054,2.7066354,10:22:38
225,-9.8458766,0.0784532,2.4320492,10:22:38
226,-10.5519554,0.784532,2.1182364,10:22:38
227,-11.571847,0.3530394,1.2944778,10:22:38
228,-8.5121722,-0.5491724,2.8635418,10:22:38
229,-9.5712904,-0.6668522,2.2751428,10:22:38
230,-9.7674234,0.6276256,1.8044236,10:22:38
231,-9.9635564,0.196133,2.0005566,10:22:38
232,-8.7083052,-0.392266,2.5889556,10:22:38
233,-8.9436648,1.0983448,1.8044236,10:22:39
234,-9.7281968,0.4314926,2.1182364,10:22:39
235,-8.8652116,0.3138128,2.2359162,10:22:39
236,-9.9243298,0.4314926,2.2359162,10:22:39
237,-8.5906254,-0.196133,2.5889556,10:22:39
238,-9.9635564,0.1176798,2.4320492,10:22:39
239,-8.9044382,0.1569064,2.4320492,10:22:39
240,-9.9635564,0.3138128,2.3143694,10:22:39
241,-9.4928372,0.4707192,2.157463,10:22:40
242,-9.610517,-0.0392266,2.2359162,10:22:40
243,-9.2574776,0.0392266,2.5889556,10:22:40
244,-9.6889702,0.2353596,2.1182364,10:22:40
245,-9.80665,0.1569064,1.6867438,10:22:40
246,-9.8458766,0.0392266,1.8828768,10:22:40
247,-8.5906254,0.3530394,2.5105024,10:22:40
248,-9.6497436,0.3138128,2.4320492,10:22:40
249,-9.4928372,0.5099458,2.0397832,10:22:40
250,-9.022118,0.6668522,2.2751428,10:22:41
251,-9.3359308,0.1569064,2.0005566,10:22:41
252,-9.1397978,0.196133,1.8828768,10:22:41
253,-9.414384,0.392266,2.3928226,10:22:41
254,-8.9828914,0.7060788,2.0397832,10:22:41
255,-9.5712904,0.1569064,2.2359162,10:22:41
256,-8.9828914,0.2745862,2.1966896,10:22:41
257,-9.4536106,0.3138128,2.157463,10:22:41
258,-9.5712904,0.2745862,2.353596,10:22:41
259,-9.6497436,-0.4314926,2.4320492,10:22:42
260,-8.9828914,0.2353596,2.353596,10:22:42
261,-9.9635564,0.2353596,2.2751428,10:22:42
262,-8.825985,0.2353596,2.2751428,10:22:42
263,-9.0613446,0.6276256,2.5889556,10:22:42
264,-9.7281968,0.6276256,2.1182364,10:22:42
265,-10.3165958,0.5099458,2.2359162,10:22:42
266,-8.825985,0.5099458,2.1966896,10:22:42
267,-9.6889702,0.588399,2.6281822,10:22:42
268,-9.8458766,0.7060788,2.0397832,10:22:43
269,-9.5712904,0,2.2751428,10:22:43
270,-9.5320638,0.0784532,2.6674088,10:22:43
271,-8.3552658,0.588399,1.8436502,10:22:43
272,-9.4536106,0.196133,2.2751428,10:22:43
273,-9.2967042,-0.0392266,2.3143694,10:22:43
274,-9.1397978,0.0784532,2.4320492,10:22:43
275,-8.237586,0.2745862,1.6082906,10:22:43
276,-9.1397978,0.2353596,2.2359162,10:22:43
277,-9.6889702,0.4707192,2.2359162,10:22:44
278,-9.2574776,0.3530394,2.6281822,10:22:44
279,-9.0613446,0.588399,1.8044236,10:22:44
280,-9.2574776,0.3530394,2.2359162,10:22:44
281,-8.9828914,-0.1176798,2.3143694,10:22:44
282,-10.198916,0.1569064,2.5105024,10:22:44
283,-9.414384,0.7060788,2.1182364,10:22:44
284,-9.3359308,0.4707192,2.157463,10:22:44
285,-9.9635564,-0.0784532,2.157463,10:22:44
286,-10.0812362,0.4707192,2.6674088,10:22:45
287,-10.4735022,1.3337044,1.7259704,10:22:45
288,-9.9635564,0.7453054,1.2552512,10:22:45
289,-9.2967042,-0.3138128,2.7850886,10:22:45
290,-8.7475318,-0.0784532,2.3143694,10:22:45
291,-9.2574776,0.980665,1.8828768,10:22:45
292,-9.414384,0.5099458,1.6082906,10:22:45
293,-9.2967042,-0.5491724,2.745862,10:22:45
294,-8.9436648,-0.6276256,2.8635418,10:22:45
295,-9.4536106,0.2353596,2.1182364,10:22:46
296,-9.80665,0.4314926,2.0005566,10:22:46
297,-9.3751574,0.0392266,2.8243152,10:22:46
298,-9.6889702,0.5099458,2.157463,10:22:46
299,-9.5712904,0.5099458,2.2751428,10:22:46
300,-9.6889702,0.6668522,1.9221034,10:22:46
301,-9.4928372,0.5099458,2.7850886,10:22:46
302,-8.825985,0.2353596,2.2359162,10:22:46
303,-9.610517,-0.0392266,1.3337044,10:22:47
304,-9.4928372,0,2.9812216,10:22:47
305,-9.414384,0.2353596,2.157463,10:22:47
306,-8.9436648,0.5491724,1.7259704,10:22:47
307,-9.022118,0.588399,2.2359162,10:22:47
308,-9.5320638,0.0392266,2.8243152,10:22:47
309,-9.414384,0.3530394,1.765197,10:22:47
310,-9.9635564,0.3138128,1.6475172,10:22:47
311,-9.5712904,0.3530394,2.1182364,10:22:47
312,-8.8652116,0.3138128,3.4127142,10:22:48
313,-9.9635564,0.392266,2.157463,10:22:48
314,-10.002783,0.9022118,2.0397832,10:22:48
315,-10.198916,0.392266,2.0397832,10:22:48
316,-9.6889702,0.1176798,2.157463,10:22:48
317,-9.2967042,0.0392266,1.8828768,10:22:48
318,-9.5712904,0.7453054,2.1966896,10:22:48
319,-9.5712904,0.6276256,2.3928226,10:22:48
320,-9.414384,0.4314926,2.3143694,10:22:48
321,-8.825985,0.7453054,2.0790098,10:22:49
322,-9.610517,0.0392266,2.2751428,10:22:49
323,-9.6889702,0.1176798,2.0397832,10:22:49
324,-9.4928372,0.5491724,2.2751428,10:22:49
325,-9.5320638,0.8237586,1.8828768,10:22:49
326,-10.1204628,0.2353596,2.4712758,10:22:49
327,-9.6497436,-0.0392266,2.0005566,10:22:49
328,-8.0022264,0.5099458,2.1182364,10:22:49
329,-10.2381426,0.980665,1.6475172,10:22:49
330,-8.433719,0.3530394,2.4712758,10:22:50
331,-8.4729456,0.2745862,2.4320492,10:22:50
332,-9.3751574,-0.6276256,2.3928226,10:22:50
333,-9.80665,0.3530394,2.2751428,10:22:50
334,-10.198916,0.196133,2.0790098,10:22:50
335,-9.6889702,0.0392266,2.9812216,10:22:50
336,-8.8652116,-0.0392266,1.569064,10:22:50
337,-9.3359308,0.2353596,2.3928226,10:22:50
338,-9.7674234,0.3530394,1.7259704,10:22:50
339,-9.6889702,-0.0392266,2.6674088,10:22:51
340,-8.1983594,0.1569064,1.9221034,10:22:51
341,-9.2574776,0.2745862,2.3928226,10:22:51
342,-8.4729456,-0.1569064,2.4712758,10:22:51
343,-10.2381426,0.0392266,2.4712758,10:22:51
344,-9.5320638,0.4314926,2.0005566,10:22:51
345,-9.7674234,0.0392266,2.1966896,10:22:51
346,-9.9635564,-0.1176798,2.1966896,10:22:51
347,-10.1596894,0.1176798,2.7066354,10:22:51
348,-9.610517,1.5298374,1.2944778,10:22:52
349,-9.6889702,0.2745862,2.1182364,10:22:52
350,-8.5906254,-0.5099458,2.745862,10:22:52
351,-9.414384,-0.392266,2.2359162,10:22:52
352,-9.9243298,0.9022118,1.8436502,10:22:52
353,-10.395049,0.3530394,1.6475172,10:22:52
354,-9.3359308,-0.4314926,2.7850886,10:22:52
355,-9.1790244,-0.7060788,2.7066354,10:22:52
356,-9.2574776,0.392266,1.765197,10:22:53
357,-8.5121722,-0.588399,2.353596,10:22:53
358,-9.2574776,0.8629852,2.2751428,10:22:53
359,-9.414384,1.4121576,1.96133,10:22:53
360,-10.0812362,0.8237586,2.0005566,10:22:53
361,-9.610517,-0.196133,2.5889556,10:22:53
362,-9.8458766,0.2353596,2.4712758,10:22:53
363,-9.0613446,0.2745862,2.353596,10:22:53
364,-9.6497436,0.1176798,2.0397832,10:22:53
365,-8.9828914,0.4707192,2.5105024,10:22:54
366,-9.2967042,0.3530394,1.6867438,10:22:54
367,-9.1790244,0.196133,2.1182364,10:22:54
368,-9.80665,0.1176798,2.2359162,10:22:54
369,-9.1790244,-0.0784532,2.6281822,10:22:54
370,-10.0420096,0.3138128,1.8828768,10:22:54
371,-9.414384,0.3138128,1.8436502,10:22:54
372,-9.218251,0.5491724,2.3928226,10:22:54
373,-9.6889702,-0.0392266,2.5889556,10:22:54
374,-8.3160392,0.588399,2.1182364,10:22:55
375,-9.1790244,0.4314926,2.3143694,10:22:55
376,-9.414384,-0.0392266,2.0790098,10:22:55
377,-9.2967042,0.0784532,2.3143694,10:22:55
378,-9.4928372,0.7453054,1.96133,10:22:55
379,-9.414384,0.8237586,2.157463,10:22:55
380,-9.3751574,-0.0784532,2.4320492,10:22:55
381,-9.3751574,0.392266,2.353596,10:22:55
382,-10.002783,0.4707192,1.8436502,10:22:55
383,-9.4536106,0.1176798,2.2751428,10:22:56
384,-8.9828914,0.4314926,2.2751428,10:22:56
385,-9.3751574,0.7060788,1.7259704,10:22:56
386,-9.3751574,0.4314926,2.549729,10:22:56
387,-9.8851032,0.1569064,2.0005566,10:22:56
388,-9.4536106,0.1176798,2.5105024,10:22:56
389,-8.9828914,-0.0784532,1.6867438,10:22:56
390,-9.9243298,0.1569064,2.5105024,10:22:56
391,-8.9044382,0.1176798,2.2751428,10:22:56
392,-9.218251,0.2745862,2.353596,10:22:57
393,-8.9436648,-0.0784532,2.2751428,10:22:57
394,-9.8458766,-0.1176798,2.5105024,10:22:57
395,-8.1199062,0.588399,2.0005566,10:22:57
396,-9.3751574,0.5099458,2.157463,10:22:57
397,-10.0420096,-0.1569064,2.6281822,10:22:57
398,-9.610517,0.2353596,1.96133,10:22:57
399,-9.610517,0.5491724,1.9221034,10:22:57
400,-9.8851032,-0.0392266,2.5889556,10:22:57
401,-9.2967042,0.5099458,1.4121576,10:22:58
402,-9.2967042,0.4314926,2.1182364,10:22:58
403,-9.5320638,-0.4314926,2.5889556,10:22:58
404,-9.0613446,0.0392266,2.157463,10:22:58
405,-10.0420096,0.980665,1.8044236,10:22:58
406,-9.022118,0.784532,2.0790098,10:22:58
407,-9.218251,-0.196133,2.0397832,10:22:58
408,-9.4928372,0.196133,2.6674088,10:22:58
409,-9.7674234,0.7453054,1.7259704,10:22:58
410,-10.2381426,0.2353596,2.157463,10:22:59
411,-9.4928372,-0.0392266,2.549729,10:22:59
412,-9.1397978,-0.1569064,2.3143694,10:22:59
413,-9.7281968,0.196133,1.96133,10:22:59
414,-9.6497436,0.6276256,1.765197,10:22:59
415,-8.8652116,-0.5099458,2.6674088,10:22:59
416,-9.610517,-0.2353596,2.4712758,10:22:59
417,-9.4536106,0.1569064,2.2359162,10:22:59
418,-9.6497436,0.6276256,1.4513842,10:23:00
419,-9.022118,0.0784532,2.4712758,10:23:00
420,-9.6497436,0.4314926,2.157463,10:23:00
421,-9.2574776,0.3530394,1.9221034,10:23:00
422,-9.7674234,0.0392266,2.745862,10:23:00
423,-9.8458766,0.392266,2.4712758,10:23:00
424,-8.7083052,0.2353596,2.3143694,10:23:00
425,-9.5320638,0.2745862,2.2359162,10:23:00
426,-9.3751574,0.5491724,1.4906108,10:23:00
427,-8.7867584,0.5099458,3.3734876,10:23:01
428,-9.3359308,-0.0784532,1.569064,10:23:01
429,-9.6497436,0,1.765197,10:23:01
430,-9.4928372,0.196133,2.5105024,10:23:01
431,-9.4928372,0.1176798,2.5105024,10:23:01
432,-9.0613446,0.196133,1.96133,10:23:01
433,-9.4928372,0.0392266,2.3143694,10:23:01
434,-9.8458766,0.0392266,2.9027684,10:23:01
435,-9.5320638,0.7453054,1.8828768,10:23:01
436,-8.6690786,1.0983448,1.96133,10:23:02
437,-9.5712904,0.588399,2.3143694,10:23:02
438,-10.6304086,-0.0784532,2.2751428,10:23:02
439,-9.3359308,0.3138128,1.96133,10:23:02
440,-9.610517,0.196133,2.2751428,10:23:02
441,-9.2967042,-0.0392266,2.4712758,10:23:02
442,-9.9635564,0.196133,1.8436502,10:23:02
443,-8.9828914,0.3138128,2.2751428,10:23:02
444,-9.1397978,0.4707192,2.3143694,10:23:02
445,-7.6099604,0.8237586,2.4320492,10:23:03
446,-9.0613446,0.3138128,1.9221034,10:23:03
447,-10.6696352,0.3138128,2.157463,10:23:03
448,-9.1005712,0.196133,2.0790098,10:23:03
449,-9.4536106,0.0392266,2.2751428,10:23:03
450,-7.5707338,0.3530394,2.5105024,10:23:03
451,-9.80665,0.6668522,1.6475172,10:23:03
452,-10.395049,0.1569064,2.3928226,10:23:03
453,-10.5519554,-0.0784532,2.4712758,10:23:04
454,-8.7867584,0.0392266,2.1182364,10:23:04
455,-10.002783,0.1569064,1.2944778,10:23:04
456,-9.1790244,0.2745862,2.157463,10:23:04
457,-10.0812362,0.1569064,2.157463,10:23:04
458,-9.0613446,0.0784532,2.6674088,10:23:04
459,-9.1005712,-0.5491724,2.3143694,10:23:04
460,-9.1005712,0.2745862,1.96133,10:23:05
461,-10.2773692,-0.0784532,2.2751428,10:23:05
462,-9.8458766,0.2353596,2.7850886,10:23:05
463,-9.4536106,0.8629852,1.7259704,10:23:05
464,-8.825985,0.7453054,2.0005566,10:23:05
465,-9.3751574,-0.1176798,2.0790098,10:23:05
466,-10.002783,-0.0392266,2.8243152,10:23:05
467,-9.1790244,0.7453054,2.157463,10:23:05
468,-9.5712904,0.6276256,2.0005566,10:23:05
469,-7.8845466,0.1569064,2.745862,10:23:06
470,-9.7281968,0.196133,2.6674088,10:23:06
471,-10.2773692,0.784532,1.9221034,10:23:06
472,-11.1011278,0.6276256,1.0983448,10:23:06
473,-8.3944924,-0.5099458,3.0204482,10:23:06
474,-9.022118,-1.0198916,3.334261,10:23:06
475,-9.5712904,0.588399,1.6082906,10:23:06
476,-10.983448,0.5099458,0.8237586,10:23:06
477,-8.7867584,-0.4707192,2.941995,10:23:06
478,-9.2574776,0.3138128,2.2751428,10:23:07
479,-10.4342756,0.4314926,2.3143694,10:23:07
480,-9.3751574,0.5099458,2.1182364,10:23:07
481,-9.6889702,0.4707192,2.4320492,10:23:07
482,-9.3751574,-0.2745862,2.6281822,10:23:07
483,-9.6497436,0.0784532,2.2359162,10:23:07
484,-8.629852,0.3138128,2.1182364,10:23:07
485,-9.7674234,-0.0392266,2.353596,10:23:07
486,-9.8851032,-0.5491724,2.353596,10:23:08
487,-9.6889702,0.0392266,2.2359162,10:23:08
488,-9.4536106,0.4314926,2.2751428,10:23:08
489,-9.7674234,0.1176798,2.1182364,10:23:08
490,-10.002783,0.3138128,1.569064,10:23:08
491,-9.414384,0.5491724,2.1182364,10:23:08
492,-9.1397978,0.2353596,2.549729,10:23:08
493,-9.4536106,0.196133,2.4712758,10:23:08
494,-9.610517,0.3530394,1.96133,10:23:08
495,-9.1397978,0.5491724,2.353596,10:23:09
496,-9.6497436,-0.0784532,2.157463,10:23:09
497,-8.7475318,0.196133,2.0397832,10:23:09
498,-9.1790244,0.6276256,2.2751428,10:23:09
499,-9.218251,0.588399,1.569064,10:23:09
500,-9.80665,0.0392266,2.2751428,10:23:09
501,-8.825985,0,2.0790098,10:23:09
502,-9.4536106,0.3138128,2.2359162,10:23:09
503,-9.5712904,0.3530394,2.2751428,10:23:09
504,-8.629852,0.0784532,2.4712758,10:23:10
505,-9.5712904,0.1569064,2.353596,10:23:10
506,-9.6497436,0.0392266,2.3928226,10:23:10
507,-8.5513988,0.1176798,2.1182364,10:23:10
508,-9.1397978,0.0392266,2.1966896,10:23:10
509,-10.6696352,0,2.4320492,10:23:10
510,-10.1596894,-0.2745862,2.3928226,10:23:10
511,-8.825985,0.392266,1.96133,10:23:10
512,-9.414384,0.392266,2.2751428,10:23:10
513,-10.2381426,0.0392266,2.5105024,10:23:11
514,-9.5712904,0.2353596,1.8828768,10:23:11
515,-9.218251,0.392266,2.3928226,10:23:11
516,-9.4928372,0.7453054,1.96133,10:23:11
517,-9.3751574,0.3530394,2.0397832,10:23:11
518,-9.3359308,0.0392266,2.1966896,10:23:11
519,-9.5712904,0.1569064,2.4320492,10:23:11
520,-9.8458766,0.3138128,2.3143694,10:23:11
521,-9.9635564,0.1569064,2.2359162,10:23:12
522,-9.610517,0.2745862,2.1966896,10:23:12
523,-9.4928372,0.196133,2.157463,10:23:12
524,-9.4536106,0.196133,2.1966896,10:23:12
525,-9.4928372,0.1569064,2.1966896,10:23:12
526,-9.4536106,0.1569064,2.3143694,10:23:12
527,-9.6497436,0.1569064,2.1966896,10:23:12
528,-9.4928372,0.2745862,2.1966896,10:23:12
529,-9.414384,0.2353596,2.2359162,10:23:12
530,-9.5320638,0.2745862,2.2359162,10:23:13
531,-9.610517,0.2353596,2.157463,10:23:13
532,-9.610517,0.2353596,2.2359162,10:23:13
533,-9.610517,0.1569064,2.2359162,10:23:13
534,-9.5320638,0.2353596,2.2359162,10:23:13
535,-9.7674234,0.2745862,2.157463,10:23:13
536,-9.4536106,0.392266,2.3928226,10:23:13
537,-9.6889702,0.1176798,2.3143694,10:23:13
538,-9.4928372,0.2745862,2.157463,10:23:13
539,-9.4928372,0.2745862,2.2751428,10:23:14
540,-9.5712904,0.2353596,2.1966896,10:23:14
541,-9.6497436,0.2745862,2.1966896,10:23:14
542,-9.5320638,0.196133,2.157463,10:23:14
543,-9.4536106,0.2353596,2.2359162,10:23:14
544,-9.4928372,0.2353596,2.3928226,10:23:14
545,-9.610517,0.3138128,2.1966896,10:23:14
546,-9.4928372,0.2353596,2.157463,10:23:14
547,-9.414384,0.2353596,2.157463,10:23:14
548,-9.2967042,0.2353596,2.2359162,10:23:15
549,-9.414384,0.2353596,2.2359162,10:23:15
550,-9.6497436,0.2353596,2.2751428,10:23:15
661,-9.7281968,-0.0392266,2.6674088,10:41:36
662,-9.610517,0.0784532,2.3143694,10:41:36
663,-9.414384,0.3530394,1.96133,10:41:36
664,-9.2574776,0.2745862,1.8044236,10:41:36
665,-9.610517,-0.0392266,2.6674088,10:41:36
666,-9.9243298,0.0784532,2.4712758,10:41:36
667,-9.3359308,0.1569064,1.96133,10:41:36
668,-9.5320638,0.1569064,2.1182364,10:41:36
669,-9.8458766,-0.2353596,2.6281822,10:41:37
670,-9.8458766,0.5491724,2.0790098,10:41:37
671,-9.5712904,0.4707192,2.3928226,10:41:37
672,-9.1005712,0.0784532,2.3928226,10:41:37
673,-9.4928372,0.1569064,2.4320492,10:41:37
674,-9.9635564,0.196133,2.2359162,10:41:37
675,-9.9243298,0.3138128,2.1966896,10:41:37
676,-9.4536106,0,2.157463,10:41:37
677,-9.8458766,0.196133,2.3928226,10:41:37
678,-9.6497436,0.6668522,2.0790098,10:41:38
679,-9.414384,0,2.4320492,10:41:38
680,-9.6889702,0.196133,2.1966896,10:41:38
681,-9.7674234,0.6276256,1.4906108,10:41:38
682,-9.4536106,0.6276256,2.0005566,10:41:38
683,-9.2574776,0.3138128,2.3143694,10:41:38
684,-8.9828914,0.196133,2.2359162,10:41:38
685,-8.6690786,0.2353596,2.2751428,10:41:38
686,-10.983448,0.392266,2.4320492,10:41:39
687,-8.2768126,0.7060788,2.2359162,10:41:39
688,-9.6889702,0.3530394,2.5889556,10:41:39
689,-8.7867584,0.7453054,2.3928226,10:41:39
690,-10.0420096,0.1176798,2.2751428,10:41:39
691,-9.218251,0.4314926,2.3143694,10:41:39
692,-9.4928372,0.5491724,1.765197,10:41:39
693,-9.2574776,-0.0784532,2.8635418,10:41:39
694,-9.9243298,0.3138128,2.353596,10:41:39
695,-10.1204628,0,1.96133,10:41:40
696,-10.002783,0.4314926,2.1966896,10:41:40
697,-9.9243298,1.0983448,1.8436502,10:41:40
698,-9.3359308,0.5491724,1.6867438,10:41:40
699,-9.7281968,-0.0392266,2.4712758,10:41:40
700,-9.7674234,-0.4314926,2.2751428,10:41:40
701,-9.1790244,0.4314926,2.2359162,10:41:40
702,-9.1005712,0.7453054,2.0397832,10:41:40
703,-9.2574776,0.0784532,2.3928226,10:41:40
704,-8.7083052,-0.8629852,2.5889556,10:41:41
705,-9.7281968,0.1569064,2.2359162,10:41:41
706,-9.1790244,0.3530394,2.2359162,10:41:41
707,-9.5712904,0.392266,2.2359162,10:41:41
708,-9.0613446,0.1569064,2.5889556,10:41:41
709,-9.5712904,0.4707192,2.3928226,10:41:41
710,-8.825985,0.8629852,2.0790098,10:41:41
711,-9.2574776,0.5491724,2.1966896,10:41:41
712,-9.3359308,-0.2745862,2.3928226,10:41:41
713,-9.2574776,0.0784532,2.2751428,10:41:42
714,-9.1790244,-0.0784532,2.4712758,10:41:42
715,-9.5712904,-0.4314926,2.353596,10:41:42
716,-10.4342756,0.9022118,1.6475172,10:41:42
717,-9.2574776,0.0392266,2.0005566,10:41:42
718,-9.610517,0.1176798,2.4320492,10:41:42
719,-9.2967042,0.196133,2.2751428,10:41:42
720,-9.6889702,0.2745862,1.8436502,10:41:42
721,-9.4536106,0.1176798,1.96133,10:41:42
722,-9.5320638,0,3.0989014,10:41:43
723,-9.6497436,0.3530394,2.1182364,10:41:43
724,-9.1005712,0.196133,2.2359162,10:41:43
725,-9.1790244,0.6276256,1.6082906,10:41:43
726,-9.4536106,0.1176798,2.4320492,10:41:43
727,-9.9243298,0.196133,2.549729,10:41:43
728,-9.4928372,0.2745862,1.765197,10:41:43
729,-9.8851032,0.2353596,2.0005566,10:41:43
730,-9.80665,0.0784532,2.745862,10:41:43
731,-9.7281968,-0.0392266,2.1182364,10:41:44
732,-9.9635564,0,2.2751428,10:41:44
733,-9.6889702,-0.0784532,2.2359162,10:41:44
734,-9.1790244,-0.3138128,2.2359162,10:41:44
735,-9.3751574,0.8237586,2.1182364,10:41:44
736,-9.3359308,0.4707192,2.3143694,10:41:44
737,-9.3751574,-0.2745862,2.3928226,10:41:44
738,-9.5320638,-0.4707192,2.353596,10:41:44
739,-8.9828914,1.2552512,2.2359162,10:41:45
740,-8.825985,0.0392266,2.1182364,10:41:45
741,-9.2574776,0.2353596,2.2751428,10:41:45
742,-9.5712904,-0.0784532,2.549729,10:41:45
743,-9.2967042,0.4707192,2.1966896,10:41:45
744,-10.6696352,0.0392266,2.1182364,10:41:45
745,-9.4536106,0.3138128,2.0397832,10:41:45
746,-8.7867584,0.2745862,2.4320492,10:41:45
747,-9.4536106,0.0784532,2.353596,10:41:45
748,-9.80665,0.0392266,2.6281822,10:41:46
749,-9.3359308,0.6668522,2.5105024,10:41:46
750,-8.9436648,0.1176798,2.0397832,10:41:46
751,-9.80665,-0.1569064,2.4320492,10:41:46
752,-8.7867584,0,2.4712758,10:41:46
753,-8.7083052,0.4707192,1.8044236,10:41:46
754,-9.5712904,0.5491724,2.5105024,10:41:46
755,-9.7674234,0.3138128,2.1966896,10:41:46
756,-10.198916,0,1.6475172,10:41:46
757,-10.002783,-0.6276256,3.6480738,10:41:47
758,-8.3552658,0.588399,1.96133,10:41:47
759,-8.6690786,0.588399,1.8436502,10:41:47
760,-9.610517,0.0392266,2.549729,10:41:47
761,-9.2967042,-0.0392266,1.96133,10:41:47
762,-9.8851032,0.2745862,1.9221034,10:41:47
763,-8.629852,0.2745862,2.1966896,10:41:47
764,-9.80665,-0.1569064,2.4320492,10:41:47
765,-8.7475318,0.196133,1.96133,10:41:47
766,-10.0420096,1.4121576,1.2160246,10:41:48
767,-8.9828914,0.4707192,2.1966896,10:41:48
768,-9.414384,0.0392266,2.5889556,10:41:48
769,-9.0613446,0.3530394,2.1966896,10:41:48
770,-9.4928372,0.4707192,1.765197,10:41:48
771,-9.4536106,0.4707192,1.6475172,10:41:48
772,-9.5712904,-0.196133,2.8243152,10:41:48
773,-9.0613446,-0.1569064,2.4320492,10:41:48
774,-9.7281968,0.196133,1.765197,10:41:48
775,-9.3751574,0.6276256,1.1375714,10:41:49
776,-9.6497436,-0.1569064,2.6281822,10:41:49
777,-9.5320638,0.0392266,2.1966896,10:41:49
778,-9.0613446,-0.8237586,2.2359162,10:41:49
779,-10.1204628,0.196133,2.745862,10:41:49
780,-9.414384,0.3138128,2.5105024,10:41:49
781,-10.0420096,-0.0392266,2.157463,10:41:49
782,-9.3359308,-0.1569064,2.157463,10:41:49
783,-9.8851032,0.6276256,1.765197,10:41:49
784,-8.5513988,0.196133,3.2165812,10:41:50
785,-9.2967042,0,1.7259704,10:41:50
786,-9.5320638,0.1176798,1.6867438,10:41:50
787,-9.4536106,0.0784532,2.6281822,10:41:50
788,-9.610517,0.196133,2.3928226,10:41:50
789,-9.022118,0.1176798,1.96133,10:41:50
790,-9.4928372,0.0392266,2.1966896,10:41:50
791,-9.6889702,0.0392266,3.0204482,10:41:50
792,-9.1790244,0.3530394,2.2359162,10:41:50
793,-9.1397978,0.196133,2.3928226,10:41:51
794,-9.7674234,0.0784532,1.96133,10:41:51
795,-9.610517,0.0784532,2.3928226,10:41:51
796,-8.825985,0.1176798,1.8828768,10:41:51
797,-9.8851032,0.2353596,2.4320492,10:41:51
798,-9.3359308,0.3530394,2.4320492,10:41:51
799,-9.8458766,0.3138128,1.8436502,10:41:51
800,-9.9243298,0.3530394,2.3928226,10:41:51
801,-9.218251,0.392266,2.3143694,10:41:51
802,-8.9436648,0.2353596,2.0005566,10:41:52
803,-8.7083052,0.3530394,2.1182364,10:41:52
804,-10.7088618,0.196133,2.4712758,10:41:52
805,-8.7475318,0.1569064,2.0397832,10:41:52
806,-9.5320638,-0.1176798,2.5889556,10:41:52
807,-8.3552658,0.392266,2.1966896,10:41:52
808,-10.3165958,0.2745862,2.0397832,10:41:52
809,-9.6497436,0.0784532,2.0790098,10:41:52
810,-8.9436648,0.5491724,2.157463,10:41:52
811,-9.414384,1.6475172,2.0397832,10:41:53
812,-10.7088618,1.3337044,2.0397832,10:41:53
813,-10.1204628,0.196133,1.765197,10:41:53
814,-10.2381426,0.0784532,2.6281822,10:41:53
815,-9.5320638,0.2353596,2.353596,10:41:53
816,-9.3359308,0.0784532,2.0397832,10:41:53
817,-8.9044382,0.7453054,1.8828768,10:41:53
818,-9.7674234,0.0392266,2.5889556,10:41:53
819,-9.1790244,-0.196133,2.5889556,10:41:53
820,-9.2967042,0.1569064,2.0397832,10:41:54
821,-9.1005712,-0.0392266,2.4320492,10:41:54
822,-9.3359308,0,2.1182364,10:41:54
823,-9.9635564,0.7453054,1.6867438,10:41:54
824,-9.7281968,0.7060788,1.765197,10:41:54
825,-8.9436648,0.0784532,2.4712758,10:41:54
826,-9.3751574,-0.0392266,2.1182364,10:41:54
827,-9.8458766,0.5491724,1.8436502,10:41:54
828,-11.1011278,0.2353596,1.4121576,10:41:55
829,-9.80665,-0.2353596,2.6281822,10:41:55
830,-8.433719,0,2.1182364,10:41:55
831,-9.2967042,0.196133,1.96133,10:41:55
832,-8.7867584,-0.196133,2.1966896,10:41:55
833,-9.8851032,0.5099458,2.2751428,10:41:55
834,-9.2967042,0.4314926,2.6674088,10:41:55
835,-10.0812362,0.4314926,2.4320492,10:41:55
836,-9.2574776,0,2.0005566,10:41:55
837,-9.4928372,0.1569064,2.1182364,10:41:56
838,-9.218251,0.0392266,2.3928226,10:41:56
839,-8.9436648,-0.6276256,2.2359162,10:41:56
840,-8.9436648,0.0784532,2.5889556,10:41:56
841,-10.1204628,0.2745862,2.353596,10:41:56
842,-9.1397978,0,2.0397832,10:41:56
843,-9.5712904,0.0784532,2.353596,10:41:56
844,-9.1005712,0.3530394,2.3928226,10:41:56
845,-9.4928372,0.2745862,2.5105024,10:41:56
846,-9.1005712,0.7060788,2.0790098,10:41:57
847,-9.8458766,0.0784532,2.4712758,10:41:57
848,-9.6497436,0.0784532,2.353596,10:41:57
849,-9.3359308,0.5491724,1.8828768,10:41:57
850,-9.218251,0.196133,1.96133,10:41:57
851,-10.1204628,0.392266,1.8044236,10:41:57
852,-9.8458766,0.0784532,2.7066354,10:41:57
853,-8.5513988,0.4707192,2.5889556,10:41:57
854,-9.218251,0.5099458,1.5298374,10:41:57
855,-9.414384,0.8237586,2.6674088,10:41:58
856,-9.80665,0.196133,2.353596,10:41:58
857,-9.2574776,1.0591182,2.2751428,10:41:58
858,-9.4928372,0.784532,2.1182364,10:41:58
859,-9.414384,-0.196133,2.353596,10:41:58
860,-9.610517,0.3530394,2.2751428,10:41:58
861,-9.6889702,0.5491724,1.96133,10:41:58
862,-9.5320638,0.8237586,2.0397832,10:41:58
863,-10.0420096,-0.0784532,2.0790098,10:41:58
864,-10.4735022,0.2745862,2.4712758,10:41:59
865,-9.2967042,0.0784532,2.2751428,10:41:59
866,-10.3165958,-0.0784532,1.8828768,10:41:59
867,-9.7674234,0.2745862,2.7850886,10:41:59
868,-10.4342756,0.2353596,1.765197,10:41:59
869,-9.218251,-0.196133,2.5105024,10:41:59
870,-9.6889702,0.3530394,2.5889556,10:41:59
871,-8.9828914,-0.0392266,2.549729,10:41:59
872,-8.8652116,-0.2745862,1.8044236,10:41:59
873,-9.8851032,0.3530394,2.353596,10:42:00
874,-9.1790244,0.5099458,2.2359162,10:42:00
875,-9.2967042,0.4707192,2.4320492,10:42:00
876,-9.610517,0.4707192,2.157463,10:42:00
877,-9.4536106,0.4707192,2.0005566,10:42:00
878,-9.022118,0.0392266,1.8828768,10:42:00
879,-9.414384,0.4314926,2.549729,10:42:00
880,-9.1790244,0.2745862,1.8828768,10:42:00
881,-9.022118,1.5298374,1.3337044,10:42:01
882,-9.022118,-0.1176798,2.353596,10:42:01
883,-9.0613446,-0.3138128,2.2751428,10:42:01
884,-9.9243298,0.4314926,2.0790098,10:42:01
885,-9.3359308,0.2745862,1.765197,10:42:01
886,-9.610517,-0.1176798,2.4712758,10:42:01
887,-9.5712904,-0.2745862,2.2359162,10:42:01
888,-9.80665,0.4314926,1.96133,10:42:01
889,-9.5712904,0.1569064,1.8436502,10:42:01
890,-8.629852,-0.7060788,2.9027684,10:42:02
891,-9.4928372,-0.6668522,2.3928226,10:42:02
892,-9.6889702,0.9022118,1.9221034,10:42:02
893,-7.7668668,0.2745862,2.2359162,10:42:02
894,-9.7674234,0.4314926,2.3928226,10:42:02
895,-9.3359308,1.1375714,2.1182364,10:42:02
896,-10.1596894,0.5491724,2.157463,10:42:02
897,-9.1397978,0.1176798,2.1966896,10:42:02
898,-9.3359308,0.3530394,2.4320492,10:42:02
899,-10.198916,0.392266,2.0397832,10:42:03
900,-9.3751574,0.0392266,2.353596,10:42:03
901,-8.7867584,0.196133,2.0005566,10:42:03
902,-9.4536106,0.1569064,2.1966896,10:42:03
903,-9.6497436,0.196133,1.96133,10:42:03
904,-9.3359308,0.1176798,2.157463,10:42:03
905,-9.2574776,-0.0392266,2.6281822,10:42:03
906,-9.3751574,0.1176798,2.3928226,10:42:03
907,-9.5320638,0.0392266,1.8044236,10:42:03
908,-8.5906254,0,2.4712758,10:42:04
909,-9.3751574,0,2.4712758,10:42:04
910,-9.4928372,0.392266,2.0790098,10:42:04
911,-9.218251,0.2745862,2.1966896,10:42:04
912,-9.8851032,0.392266,1.8436502,10:42:04
913,-9.4928372,0.1176798,2.6281822,10:42:04
914,-9.4928372,0.3530394,2.4320492,10:42:04
915,-8.9044382,0.1176798,1.8828768,10:42:04
916,-9.7674234,0.588399,2.1182364,10:42:04
917,-9.8851032,0.1569064,2.2359162,10:42:05
918,-9.6889702,0.3138128,2.0005566,10:42:05
919,-9.4928372,0.980665,2.0005566,10:42:05
920,-9.022118,-0.0392266,2.6281822,10:42:05
921,-9.4536106,0.1176798,2.3143694,10:42:05
922,-9.9243298,0.5099458,2.2751428,10:42:05
923,-9.9635564,0.4314926,2.3143694,10:42:05
924,-9.610517,-0.1569064,2.0790098,10:42:05
925,-9.4928372,0.2353596,2.1966896,10:42:05
926,-9.8458766,1.1375714,2.0790098,10:42:06
927,-8.9828914,0.1569064,2.5105024,10:42:06
928,-9.1397978,0.1176798,2.353596,10:42:06
929,-8.5513988,0.2353596,2.353596,10:42:06
930,-9.414384,0.392266,2.3928226,10:42:06
931,-9.9635564,0.2353596,1.8828768,10:42:06
932,-9.2967042,0.0784532,2.4712758,10:42:06
933,-9.5320638,-0.7453054,2.1966896,10:42:06
934,-10.4342756,-0.0784532,2.3143694,10:42:06
935,-9.9635564,0.4707192,2.0005566,10:42:07
936,-9.7281968,0.1569064,2.1966896,10:42:07
937,-9.0613446,-0.1569064,2.2751428,10:42:07
938,-9.5712904,0.0392266,2.3143694,10:42:07
939,-9.2574776,0.392266,1.96133,10:42:07
940,-10.2381426,0,2.5105024,10:42:07
941,-9.1790244,0.2745862,2.0005566,10:42:07
942,-9.2967042,0.1569064,2.0005566,10:42:07
943,-9.414384,0.8237586,2.4320492,10:42:07
944,-10.0420096,0,2.9812216,10:42:08
945,-8.4729456,-0.1176798,2.157463,10:42:08
946,-9.1790244,0.6668522,2.0397832,10:42:08
947,-9.1790244,-0.3530394,2.5889556,10:42:08
948,-9.414384,0.7060788,2.0005566,10:42:08
949,-9.6889702,0.1176798,2.6281822,10:42:08
950,-10.3165958,0.9022118,2.0005566,10:42:09
951,-9.2967042,0.196133,2.2359162,10:42:09
952,-9.80665,-0.5491724,2.549729,10:42:09
953,-9.1790244,0.0784532,2.745862,10:42:09
954,-10.4735022,0.4707192,1.8828768,10:42:09
955,-9.5320638,0.5491724,1.96133,10:42:09
956,-8.9436648,-0.196133,2.8635418,10:42:09
957,-9.80665,0.2353596,2.1182364,10:42:09
958,-10.002783,1.0198916,1.5298374,10:42:09
959,-9.610517,0.4707192,2.157463,10:42:10
960,-9.7281968,0.1569064,2.9027684,10:42:10
961,-9.414384,0.6668522,2.157463,10:42:10
962,-9.3751574,0.5491724,1.6082906,10:42:10
963,-9.8458766,0.3138128,2.4320492,10:42:10
964,-9.80665,0,2.9812216,10:42:10
965,-10.002783,0.2745862,1.8436502,10:42:10
966,-9.7281968,0.4314926,1.6867438,10:42:10
967,-9.1397978,0.7060788,2.2359162,10:42:10
968,-9.5320638,0.3138128,2.6674088,10:42:11
969,-9.0613446,0.4314926,2.0005566,10:42:11
970,-9.5712904,0.2353596,2.353596,10:42:11
971,-9.2967042,0.6668522,2.3928226,10:42:11
972,-9.218251,0.2745862,2.2751428,10:42:11
973,-9.5712904,-0.5099458,2.3143694,10:42:11
974,-9.022118,-0.0784532,2.2359162,10:42:11
975,-9.5712904,0.4314926,2.4320492,10:42:11
976,-9.9243298,0.0392266,2.4320492,10:42:11
977,-9.2967042,0.196133,2.2751428,10:42:12
978,-9.9635564,0.4707192,2.3143694,10:42:12
979,-8.8652116,-0.2353596,2.4320492,10:42:12
980,-9.6497436,-0.0784532,2.3928226,10:42:12
981,-9.4536106,0.588399,2.157463,10:42:12
982,-9.7674234,0.5491724,2.0005566,10:42:12
983,-8.9436648,0.2745862,2.3143694,10:42:12
984,-9.8458766,0.196133,2.3143694,10:42:12
985,-9.7674234,0.8237586,2.2751428,10:42:12
986,-8.7867584,0.3530394,2.1182364,10:42:13
987,-9.7281968,0.4314926,2.157463,10:42:13
988,-8.9828914,-0.392266,2.5105024,10:42:13
989,-9.9635564,-0.0392266,2.2751428,10:42:13
990,-9.5320638,0.4314926,1.8828768,10:42:13
991,-9.80665,0.3138128,2.3143694,10:42:13
992,-10.002783,0.392266,1.8044236,10:42:13
993,-9.6889702,0,2.3928226,10:42:13
994,-8.9436648,0.2745862,1.8828768,10:42:14
995,-9.7281968,0.6668522,1.569064,10:42:14
996,-10.2773692,0.3138128,2.157463,10:42:14
997,-8.9828914,1.0983448,2.0005566,10:42:14
998,-9.2967042,-0.0392266,2.4712758,10:42:14
999,-10.198916,-0.5099458,2.4712758,10:42:14
1000,-9.414384,0.6276256,1.8828768,10:42:14
1001,-9.4928372,0.1569064,2.353596,10:42:14
1002,-9.7674234,-0.2745862,2.5889556,10:42:14
1003,-9.4928372,0.1176798,1.6475172,10:42:15
1004,-9.610517,0.2353596,2.3928226,10:42:15
1005,-9.80665,-0.5099458,2.3928226,10:42:15
1006,-10.002783,0.0392266,3.0204482,10:42:15
1007,-9.3751574,0.1176798,2.1182364,10:42:15
1008,-9.610517,0,2.1182364,10:42:15
1009,-8.7867584,-0.1176798,2.745862,10:42:15
1010,-10.002783,0.1176798,2.549729,10:42:15
1011,-9.3359308,0.1176798,2.4320492,10:42:15
1012,-10.7480884,0.0784532,1.7259704,10:42:16
1013,-9.022118,-0.4314926,2.745862,10:42:16
1014,-8.3944924,0.7453054,2.3928226,10:42:16
1015,-9.4928372,0.4707192,2.0005566,10:42:16
1016,-9.6497436,0.196133,2.2359162,10:42:16
1017,-8.6690786,-0.4707192,2.745862,10:42:16
1018,-9.218251,-0.8629852,2.4712758,10:42:16
1019,-10.395049,0.392266,2.1182364,10:42:16
1020,-11.0226746,0.1176798,2.1182364,10:42:16
1021,-9.610517,0.4707192,2.8635418,10:42:17
1022,-8.3552658,0.4707192,2.7066354,10:42:17
1023,-9.2967042,0.784532,1.7259704,10:42:17
1024,-9.8851032,0.196133,2.3143694,10:42:17
1025,-10.1204628,0,2.7066354,10:42:17
1026,-8.1199062,0.4707192,2.549729,10:42:17
1027,-9.2574776,0.3138128,1.765197,10:42:17
1028,-9.1790244,-0.1176798,2.0790098,10:42:17
1029,-9.6889702,0.0784532,3.0204482,10:42:17
1030,-9.0613446,0.196133,2.0397832,10:42:18
1031,-9.5712904,0.0392266,2.353596,10:42:18
1032,-9.414384,0.1569064,2.745862,10:42:18
1033,-9.4928372,0.196133,2.0397832,10:42:18
1034,-9.9635564,0.0784532,1.6082906,10:42:18
1035,-9.610517,0.6276256,2.4320492,10:42:18
1036,-9.414384,0.0784532,2.3143694,10:42:18
1037,-9.610517,0.2745862,2.0397832,10:42:18
1038,-9.5320638,1.1375714,2.353596,10:42:19
1039,-9.1790244,0.0784532,2.2359162,10:42:19
1040,-9.7674234,-0.0784532,2.157463,10:42:19
1041,-9.5320638,0.2353596,2.1182364,10:42:19
1042,-9.3751574,0.1569064,2.4320492,10:42:19
1043,-9.5712904,0.392266,1.8436502,10:42:19
1044,-9.8458766,-0.0784532,2.1182364,10:42:19
1045,-9.8851032,0.1176798,1.7259704,10:42:19
1046,-9.2574776,0.4314926,2.1182364,10:42:19
1047,-10.2381426,-0.196133,1.96133,10:42:20
1048,-9.80665,0.3138128,2.4712758,10:42:20
1049,-8.4729456,0.196133,2.1966896,10:42:20
1050,-9.5320638,-0.4314926,2.2751428,10:42:20
1051,-8.825985,0.0392266,2.1182364,10:42:20
1052,-9.3359308,0.4314926,2.0397832,10:42:20
1053,-9.6497436,0.784532,1.6082906,10:42:20
1054,-10.7480884,0.1569064,2.3143694,10:42:20
1055,-8.3160392,0.1176798,2.2359162,10:42:20
1056,-9.5712904,1.2160246,1.96133,10:42:21
1057,-10.0420096,0.9414384,2.1966896,10:42:21
1058,-9.218251,0.8237586,1.96133,10:42:21
1059,-10.2381426,0,2.6281822,10:42:21
1060,-9.5712904,-0.7060788,2.353596,10:42:21
1061,-9.2967042,0.588399,1.8828768,10:42:21
1062,-9.1397978,0.3530394,2.0397832,10:42:21
1063,-9.8458766,0,2.4320492,10:42:21
1064,-8.8652116,0.1569064,1.8044236,10:42:21
1065,-10.2381426,0.7060788,2.0397832,10:42:22
1066,-9.1005712,0.588399,2.5889556,10:42:22
1067,-9.9635564,0.3138128,2.4712758,10:42:22
1068,-9.218251,-0.1176798,2.3928226,10:42:22
1069,-9.7674234,-0.196133,2.1966896,10:42:22
1070,-8.9044382,0.4314926,2.7850886,10:42:22
1071,-9.6497436,0.1176798,2.6674088,10:42:22
1072,-9.8851032,0.7060788,1.765197,10:42:22
1073,-12.0817928,-0.196133,1.569064,10:42:23
1074,-10.002783,-0.6276256,2.745862,10:42:23
1075,-8.3552658,0.2353596,2.2359162,10:42:23
1076,-9.2574776,0.6276256,2.0790098,10:42:23
1077,-8.7475318,0.5099458,2.0790098,10:42:23
1078,-8.237586,-0.196133,2.6281822,10:42:23
1079,-8.9828914,-0.2745862,2.6281822,10:42:23
1080,-8.9828914,0.7060788,2.0790098,10:42:23
1081,-9.022118,0.5491724,2.157463,10:42:23
1082,-10.1204628,0.1569064,2.3928226,10:42:24
1083,-9.2967042,-0.0392266,2.0397832,10:42:24
1084,-9.3359308,0.2745862,2.157463,10:42:24
1085,-9.610517,0.6276256,2.3143694,10:42:24
1086,-9.6889702,0.2353596,2.549729,10:42:24
1087,-9.2967042,0.5099458,2.1966896,10:42:24
1088,-9.610517,0.2745862,1.569064,10:42:24
1089,-9.4536106,0.2353596,2.3143694,10:42:24
1090,-9.7674234,0.1569064,3.1773546,10:42:24
1091,-9.1005712,-0.1569064,2.0790098,10:42:25
1092,-9.80665,0.0784532,1.8436502,10:42:25
1093,-9.9635564,0.4314926,1.6867438,10:42:25
1094,-9.0613446,0.2353596,2.7850886,10:42:25
1095,-10.2773692,-0.2745862,2.3928226,10:42:25
1096,-9.2967042,-0.0392266,2.2751428,10:42:25
1097,-9.6889702,0.0392266,2.4320492,10:42:25
1098,-9.8458766,0.0392266,2.2359162,10:42:25
1099,-9.1790244,0.980665,2.1966896,10:42:25
1100,-9.7674234,0.1569064,2.157463,10:42:26
1101,-9.1005712,0.0784532,2.4320492,10:42:26
1102,-9.5320638,-0.3530394,2.157463,10:42:26
1103,-9.3751574,0.4707192,2.2359162,10:42:26
1104,-9.6889702,0.3138128,2.353596,10:42:26
1105,-8.629852,0.0392266,2.1182364,10:42:26
1106,-9.218251,-0.1569064,2.4320492,10:42:26
1107,-9.7674234,0.3530394,2.3928226,10:42:26
1108,-9.9243298,0.196133,2.5105024,10:42:26
1109,-9.3751574,0.1569064,2.0005566,10:42:27
1110,-8.9436648,-0.5491724,2.549729,10:42:27
1111,-10.002783,-0.1569064,2.4712758,10:42:27
1112,-9.6889702,0.4707192,1.96133,10:42:27
1113,-10.1204628,0.5099458,2.3928226,10:42:27
1114,-10.198916,0.4707192,1.6082906,10:42:27
1115,-9.3751574,0.0392266,2.3928226,10:42:27
1116,-9.2967042,-0.0784532,1.8436502,10:42:27
1117,-9.7281968,0.6276256,2.8243152,10:42:28
1118,-8.7083052,-0.1569064,2.0005566,10:42:28
1119,-8.1199062,-0.1176798,2.2359162,10:42:28
1120,-10.4342756,-0.3530394,2.549729,10:42:28
1121,-9.5712904,0.392266,1.8828768,10:42:28
1122,-9.7281968,0.196133,2.4320492,10:42:28
1123,-9.2574776,0.6668522,2.2359162,10:42:28
1124,-9.1397978,-0.1569064,1.8436502,10:42:28
1125,-9.4536106,0.0784532,2.5889556,10:42:28
1126,-9.3751574,0.5491724,1.96133,10:42:29
1127,-9.4928372,0.3530394,2.0005566,10:42:29
1128,-9.218251,-0.0392266,2.6674088,10:42:29
1129,-9.6497436,-0.4314926,2.0790098,10:42:29
1130,-10.002783,0.392266,2.0790098,10:42:29
1131,-9.2574776,0.3530394,1.9221034,10:42:29
1132,-9.1005712,0.0392266,2.2359162,10:42:29
1133,-9.414384,-0.0784532,2.2751428,10:42:29
1134,-9.6497436,0.4314926,2.0790098,10:42:29
1135,-9.414384,1.2944778,1.9221034,10:42:30
1136,-9.2967042,0,2.5889556,10:42:30
1137,-8.9828914,-0.0784532,2.0397832,10:42:30
1138,-9.218251,0.3530394,1.9221034,10:42:30
1139,-8.629852,0.6668522,2.0790098,10:42:30
1140,-10.002783,0.2353596,2.0790098,10:42:30
1141,-9.9243298,-0.392266,2.5105024,10:42:30
1142,-9.8851032,0.2353596,1.96133,10:42:30
1143,-9.1790244,0.4707192,2.0005566,10:42:30
1144,-10.1596894,0.5099458,2.3143694,10:42:31
1145,-9.1005712,-0.784532,2.1966896,10:42:31
1146,-9.5320638,0.1176798,1.8828768,10:42:31
1147,-9.218251,0.7060788,2.0790098,10:42:31
1148,-9.1790244,0.3138128,2.549729,10:42:31
1149,-9.80665,0.3530394,2.4712758,10:42:31
1150,-9.3359308,0.0392266,2.353596,10:42:31
