1,0.6276256,-10.1204628,1.96133,2022/4/19 14:09
2,0.588399,-10.2773692,2.0790098,2022/4/19 14:09
3,0.6668522,-10.2381426,1.8828768,2022/4/19 14:09
4,0.3530394,-10.198916,1.9221034,2022/4/19 14:09
5,0.4707192,-10.2381426,1.96133,2022/4/19 14:09
6,0.4707192,-10.5127288,2.0005566,2022/4/19 14:09
7,0.588399,-10.2381426,1.8044236,2022/4/19 14:09
8,0.4707192,-10.3165958,1.6867438,2022/4/19 14:09
9,0.5491724,-10.2773692,2.0790098,2022/4/19 14:09
10,0.3530394,-10.1204628,1.8828768,2022/4/19 14:09
11,0.392266,-10.1596894,1.8436502,2022/4/19 14:09
12,0.7453054,-10.9049948,1.9221034,2022/4/19 14:09
13,0.7453054,-10.9442214,1.569064,2022/4/19 14:09
14,0.3530394,-9.610517,2.0397832,2022/4/19 14:09
15,0.5491724,-10.2773692,1.8044236,2022/4/19 14:09
16,0.7060788,-10.5519554,2.2751428,2022/4/19 14:09
17,0.7453054,-9.9243298,2.0397832,2022/4/19 14:09
18,0.5099458,-9.6889702,2.1966896,2022/4/19 14:09
19,0.4707192,-10.6696352,1.9221034,2022/4/19 14:09
20,0.3138128,-10.3558224,2.1182364,2022/4/19 14:09
21,0.3138128,-11.1011278,1.765197,2022/4/19 14:09
22,0.6668522,-10.5519554,2.0005566,2022/4/19 14:09
23,0.1176798,-9.8851032,1.7259704,2022/4/19 14:09
24,0.784532,-10.591182,1.96133,2022/4/19 14:09
25,0.7060788,-10.198916,1.8828768,2022/4/19 14:09
26,0.6276256,-10.0812362,1.765197,2022/4/19 14:09
27,0.5099458,-10.4735022,1.96133,2022/4/19 14:09
28,0.3138128,-9.9243298,1.96133,2022/4/19 14:09
29,0.588399,-10.3165958,1.8044236,2022/4/19 14:09
30,0.5491724,-10.198916,2.0005566,2022/4/19 14:09
31,0.6276256,-10.0812362,2.157463,2022/4/19 14:09
32,0.5491724,-10.5127288,1.8828768,2022/4/19 14:09
33,0.5491724,-10.3558224,1.765197,2022/4/19 14:09
34,0.392266,-10.1204628,2.0397832,2022/4/19 14:09
35,0.3138128,-10.2381426,2.2751428,2022/4/19 14:09
36,0.9022118,-10.2773692,1.4121576,2022/4/19 14:09
37,0.4314926,-10.3165958,1.765197,2022/4/19 14:09
38,0.5099458,-10.5519554,2.2751428,2022/4/19 14:09
39,0.196133,-11.0226746,1.765197,2022/4/19 14:09
40,0.9414384,-9.5320638,1.8828768,2022/4/19 14:09
41,0.5491724,-10.2381426,2.157463,2022/4/19 14:09
42,0.0784532,-10.6696352,2.5105024,2022/4/19 14:09
43,0.3138128,-10.7088618,2.3928226,2022/4/19 14:09
44,0.2745862,-10.198916,1.8436502,2022/4/19 14:09
45,0.4314926,-10.4735022,1.8828768,2022/4/19 14:09
46,0.0392266,-10.7088618,2.5105024,2022/4/19 14:09
47,0.7060788,-9.3751574,1.8828768,2022/4/19 14:09
48,0.8629852,-10.2381426,1.8436502,2022/4/19 14:09
49,0.6668522,-10.198916,1.96133,2022/4/19 14:09
50,0.4314926,-10.3165958,1.8436502,2022/4/19 14:09
51,0.588399,-10.198916,1.8436502,2022/4/19 14:09
52,0.4707192,-10.2773692,1.96133,2022/4/19 14:09
53,0.8237586,-10.4735022,1.9221034,2022/4/19 14:09
54,0.5099458,-10.002783,1.8828768,2022/4/19 14:09
55,0.4707192,-10.3558224,1.8436502,2022/4/19 14:09
56,0.784532,-10.3558224,1.9221034,2022/4/19 14:09
57,0.392266,-10.3558224,2.0005566,2022/4/19 14:09
58,0.3530394,-10.4342756,1.8436502,2022/4/19 14:09
59,0.7453054,-9.7281968,1.96133,2022/4/19 14:09
60,0.5491724,-10.3558224,1.9221034,2022/4/19 14:09
61,0.6276256,-10.0420096,1.8828768,2022/4/19 14:09
62,0.392266,-10.1204628,1.8044236,2022/4/19 14:09
63,0.588399,-10.2381426,1.765197,2022/4/19 14:09
64,0.5099458,-10.3165958,1.765197,2022/4/19 14:09
65,0.3530394,-10.5127288,2.0397832,2022/4/19 14:09
66,0.4314926,-10.1204628,2.1182364,2022/4/19 14:09
67,0.392266,-10.1596894,2.0005566,2022/4/19 14:09
68,0.4314926,-10.2773692,1.9221034,2022/4/19 14:09
69,0.5099458,-10.198916,1.8436502,2022/4/19 14:09
70,0.5491724,-10.1596894,1.9221034,2022/4/19 14:09
71,0.6276256,-10.7088618,1.765197,2022/4/19 14:09
72,0.3530394,-10.198916,1.8436502,2022/4/19 14:09
73,0.3530394,-10.9049948,1.4513842,2022/4/19 14:09
74,0.6668522,-10.198916,1.6867438,2022/4/19 14:09
75,0.588399,-9.6889702,2.0397832,2022/4/19 14:09
76,0.2353596,-10.0812362,1.9221034,2022/4/19 14:09
77,0.2745862,-11.6895268,2.0790098,2022/4/19 14:09
78,0.392266,-10.9049948,1.96133,2022/4/19 14:09
79,0.196133,-10.2773692,1.765197,2022/4/19 14:09
80,0.6668522,-10.1596894,1.8436502,2022/4/19 14:09
81,1.0198916,-10.4735022,1.765197,2022/4/19 14:09
82,0.5491724,-9.8851032,1.96133,2022/4/19 14:09
83,0.4707192,-10.002783,2.0397832,2022/4/19 14:09
84,0.4707192,-9.8851032,2.0790098,2022/4/19 14:09
85,0.7453054,-10.1596894,1.4121576,2022/4/19 14:09
86,1.0591182,-10.0420096,1.7259704,2022/4/19 14:09
87,0.6276256,-10.3165958,1.6867438,2022/4/19 14:09
88,0.5099458,-10.2773692,1.8436502,2022/4/19 14:09
89,0.2353596,-10.5519554,2.2751428,2022/4/19 14:09
90,0.4314926,-10.0812362,1.765197,2022/4/19 14:09
91,0.392266,-10.0420096,1.8044236,2022/4/19 14:09
92,0.6276256,-10.0812362,2.0397832,2022/4/19 14:09
93,0.392266,-9.9635564,2.1966896,2022/4/19 14:09
94,0.4707192,-10.395049,1.8044236,2022/4/19 14:09
95,0.5099458,-10.3165958,1.765197,2022/4/19 14:09
96,0.3138128,-10.0420096,2.0790098,2022/4/19 14:09
97,0.5099458,-10.5127288,2.1182364,2022/4/19 14:09
98,0.3138128,-10.395049,1.569064,2022/4/19 14:09
99,0.6668522,-10.2381426,1.96133,2022/4/19 14:09
100,0.2353596,-10.1204628,2.3928226,2022/4/19 14:09
101,0.6668522,-9.9243298,2.1966896,2022/4/19 14:09
102,1.0591182,-9.8851032,1.7259704,2022/4/19 14:09
103,0.3530394,-10.7088618,1.6867438,2022/4/19 14:09
104,0.1176798,-10.6696352,2.353596,2022/4/19 14:09
105,0.196133,-10.9049948,1.8828768,2022/4/19 14:09
106,0.9414384,-9.7281968,1.9221034,2022/4/19 14:09
107,0.4707192,-10.2381426,1.8436502,2022/4/19 14:09
108,-0.1569064,-10.7480884,2.8635418,2022/4/19 14:09
109,0.6276256,-9.9243298,1.8828768,2022/4/19 14:09
110,0.784532,-10.0812362,1.96133,2022/4/19 14:09
111,0.5099458,-10.3165958,1.8828768,2022/4/19 14:09
112,0.4314926,-10.2773692,1.8436502,2022/4/19 14:09
113,0.5099458,-10.1596894,1.8436502,2022/4/19 14:09
114,0.6276256,-10.198916,2.0397832,2022/4/19 14:09
115,0.588399,-10.198916,1.8828768,2022/4/19 14:09
116,0.3530394,-10.2381426,1.8436502,2022/4/19 14:09
117,0.392266,-10.2773692,2.0790098,2022/4/19 14:09
118,0.7453054,-10.395049,1.8044236,2022/4/19 14:09
119,0.392266,-10.198916,1.96133,2022/4/19 14:09
120,0.4707192,-10.1204628,1.8044236,2022/4/19 14:09
121,0.6276256,-10.1596894,1.7259704,2022/4/19 14:09
122,0.6668522,-10.3165958,1.9221034,2022/4/19 14:09
123,0.392266,-10.3558224,1.8828768,2022/4/19 14:09
124,0.4314926,-10.3165958,1.8044236,2022/4/19 14:09
125,0.6276256,-10.3165958,1.9221034,2022/4/19 14:09
126,0.5491724,-10.3165958,1.8044236,2022/4/19 14:09
127,0.392266,-10.1204628,1.96133,2022/4/19 14:09
128,0.5099458,-10.2773692,1.9221034,2022/4/19 14:09
129,0.6276256,-10.0420096,2.0397832,2022/4/19 14:09
130,0.4707192,-10.198916,1.8436502,2022/4/19 14:09
131,0.6668522,-10.1596894,1.6082906,2022/4/19 14:09
132,0.5491724,-10.3558224,2.0005566,2022/4/19 14:09
133,0.5099458,-10.5127288,1.6475172,2022/4/19 14:09
134,0.3530394,-10.395049,1.765197,2022/4/19 14:09
135,0.5099458,-9.9635564,1.8436502,2022/4/19 14:09
136,0.5099458,-10.198916,2.0005566,2022/4/19 14:09
137,0.1176798,-10.3165958,2.157463,2022/4/19 14:09
138,0.5491724,-10.1596894,2.157463,2022/4/19 14:09
139,0.5491724,-11.2580342,1.8044236,2022/4/19 14:09
140,0.2745862,-10.395049,1.9221034,2022/4/19 14:09
141,0.4314926,-10.591182,1.765197,2022/4/19 14:09
142,0.7453054,-10.4735022,1.8436502,2022/4/19 14:09
143,0.7060788,-9.7674234,2.3928226,2022/4/19 14:09
144,0.6668522,-9.1790244,2.1182364,2022/4/19 14:09
145,0.7060788,-9.9243298,1.9221034,2022/4/19 14:09
146,0.2745862,-10.0420096,1.9221034,2022/4/19 14:09
147,0.9414384,-10.7088618,2.2359162,2022/4/19 14:09
148,0.7060788,-10.591182,1.8828768,2022/4/19 14:09
149,0.588399,-10.2773692,1.8436502,2022/4/19 14:09
150,0.7453054,-10.1204628,1.9221034,2022/4/19 14:09
151,0.2353596,-10.4342756,2.157463,2022/4/19 14:09
152,0.196133,-9.9243298,2.0790098,2022/4/19 14:09
153,0.6668522,-10.5519554,1.765197,2022/4/19 14:09
154,0.588399,-10.3165958,2.0397832,2022/4/19 14:09
155,0.3530394,-10.1596894,2.0790098,2022/4/19 14:09
156,0.392266,-10.1204628,1.9221034,2022/4/19 14:09
157,0.4707192,-10.1204628,1.6867438,2022/4/19 14:09
158,0.5491724,-9.80665,1.8436502,2022/4/19 14:09
159,0.7060788,-10.2773692,1.96133,2022/4/19 14:09
160,0.588399,-10.0420096,2.0790098,2022/4/19 14:09
161,0.5099458,-9.8458766,1.6475172,2022/4/19 14:09
162,0.392266,-10.6304086,2.2359162,2022/4/19 14:09
163,0.392266,-10.6696352,1.96133,2022/4/19 14:09
164,0.8629852,-9.7674234,1.7259704,2022/4/19 14:09
165,0.4314926,-10.4342756,2.1966896,2022/4/19 14:09
166,0.2353596,-10.983448,1.96133,2022/4/19 14:09
167,0.4707192,-10.5519554,2.2359162,2022/4/19 14:09
168,-0.2353596,-10.983448,1.8828768,2022/4/19 14:09
169,0.588399,-10.3165958,2.1182364,2022/4/19 14:09
170,0.7453054,-11.0226746,1.0591182,2022/4/19 14:09
171,0.980665,-10.0812362,1.569064,2022/4/19 14:09
172,0.784532,-10.0812362,1.6475172,2022/4/19 14:09
173,0.5491724,-10.2381426,1.96133,2022/4/19 14:09
174,0.3530394,-10.1204628,1.765197,2022/4/19 14:09
175,0.3530394,-10.2381426,1.9221034,2022/4/19 14:09
176,0.5491724,-10.0812362,1.765197,2022/4/19 14:09
177,0.6276256,-10.4735022,1.8828768,2022/4/19 14:09
178,0.6276256,-10.0420096,1.8436502,2022/4/19 14:09
179,0.3138128,-10.2381426,1.9221034,2022/4/19 14:09
180,0.588399,-10.3165958,1.8044236,2022/4/19 14:09
181,0.5099458,-10.2381426,1.8044236,2022/4/19 14:09
182,0.3138128,-10.1596894,1.8044236,2022/4/19 14:09
183,0.5491724,-10.198916,1.9221034,2022/4/19 14:09
184,0.784532,-10.2381426,1.8436502,2022/4/19 14:09
185,0.588399,-10.2773692,1.765197,2022/4/19 14:09
186,0.3138128,-10.4342756,1.8828768,2022/4/19 14:09
187,0.6668522,-10.395049,1.96133,2022/4/19 14:09
188,0.5099458,-10.2381426,1.8044236,2022/4/19 14:09
189,0.588399,-9.7674234,1.8436502,2022/4/19 14:09
190,0.5491724,-9.9635564,2.0790098,2022/4/19 14:09
191,0.4314926,-10.2773692,1.7259704,2022/4/19 14:09
192,0.6276256,-10.5127288,1.6475172,2022/4/19 14:09
193,0.6276256,-10.3165958,1.765197,2022/4/19 14:09
194,0.4707192,-10.395049,2.157463,2022/4/19 14:09
195,0.392266,-10.198916,1.8828768,2022/4/19 14:09
196,0.5099458,-10.4342756,1.7259704,2022/4/19 14:09
197,0.5099458,-10.0420096,1.8828768,2022/4/19 14:09
198,0.6276256,-10.5127288,1.765197,2022/4/19 14:09
199,0.588399,-9.6497436,1.9221034,2022/4/19 14:09
200,0.6668522,-10.4735022,2.0005566,2022/4/19 14:09
201,0.1569064,-11.7287534,1.96133,2022/4/19 14:09
202,0.3530394,-10.787315,2.0790098,2022/4/19 14:09
203,0.588399,-10.8265416,1.8044236,2022/4/19 14:09
204,0.6276256,-10.198916,1.9221034,2022/4/19 14:09
205,0.4314926,-10.2773692,2.3143694,2022/4/19 14:09
206,0.3138128,-10.0812362,2.157463,2022/4/19 14:09
207,0.9022118,-9.4536106,1.7259704,2022/4/19 14:09
208,0.5099458,-9.7674234,1.8828768,2022/4/19 14:09
209,0.6276256,-10.7088618,2.1182364,2022/4/19 14:09
210,0.784532,-10.1204628,2.0790098,2022/4/19 14:09
211,0.5491724,-10.2773692,1.765197,2022/4/19 14:09
212,0.7060788,-10.2381426,1.6475172,2022/4/19 14:09
213,0.392266,-10.3558224,2.2751428,2022/4/19 14:09
214,0.1176798,-9.9635564,2.1182364,2022/4/19 14:09
215,0.6668522,-10.395049,1.8828768,2022/4/19 14:09
216,0.2745862,-10.3165958,1.96133,2022/4/19 14:09
217,0.3138128,-10.5519554,2.2751428,2022/4/19 14:09
218,0.588399,-10.2381426,1.8828768,2022/4/19 14:09
219,0.4314926,-10.198916,1.6475172,2022/4/19 14:09
220,0.5491724,-10.002783,1.8436502,2022/4/19 14:09
221,0.588399,-10.3165958,2.0397832,2022/4/19 14:09
222,0.4707192,-9.9635564,2.0790098,2022/4/19 14:09
223,0.8237586,-10.3165958,1.765197,2022/4/19 14:09
224,0.6668522,-9.9635564,2.0005566,2022/4/19 14:09
225,0.588399,-10.198916,1.96133,2022/4/19 14:09
226,0.784532,-9.9243298,1.4906108,2022/4/19 14:09
227,0.3530394,-9.4928372,1.4121576,2022/4/19 14:09
228,0.1176798,-9.7674234,2.3143694,2022/4/19 14:09
229,0.5099458,-9.6497436,2.2359162,2022/4/19 14:09
230,1.0983448,-9.8851032,1.5298374,2022/4/19 14:09
231,0.6668522,-10.7480884,0.784532,2022/4/19 14:09
232,0.1176798,-11.1011278,2.0005566,2022/4/19 14:09
233,0.1569064,-11.0619012,1.7259704,2022/4/19 14:09
234,1.0983448,-10.4735022,1.8044236,2022/4/19 14:09
235,0.6276256,-10.4735022,1.9221034,2022/4/19 14:09
236,0.2745862,-10.0420096,2.0397832,2022/4/19 14:09
237,0.6276256,-10.2773692,1.8828768,2022/4/19 14:09
238,0.5491724,-10.198916,1.9221034,2022/4/19 14:09
239,0.5491724,-10.2381426,1.96133,2022/4/19 14:09
240,0.3138128,-10.3558224,1.765197,2022/4/19 14:09
241,0.588399,-9.6889702,2.0005566,2022/4/19 14:09
242,0.5491724,-10.6696352,2.0005566,2022/4/19 14:09
243,0.4707192,-10.1596894,2.1182364,2022/4/19 14:09
244,0.3138128,-10.2773692,2.0397832,2022/4/19 14:09
245,0.4314926,-10.4342756,2.0005566,2022/4/19 14:09
246,0.5491724,-10.4735022,1.8828768,2022/4/19 14:09
247,0.5099458,-10.2381426,2.0397832,2022/4/19 14:09
248,0.4707192,-10.2381426,1.8828768,2022/4/19 14:09
249,0.588399,-10.1596894,1.8828768,2022/4/19 14:09
250,0.588399,-10.3165958,1.8436502,2022/4/19 14:09
251,0.4707192,-10.2381426,1.8044236,2022/4/19 14:09
252,0.5099458,-10.198916,2.0790098,2022/4/19 14:09
253,0.6276256,-10.2773692,1.8828768,2022/4/19 14:09
254,0.5491724,-10.2773692,2.0397832,2022/4/19 14:09
255,0.5099458,-10.1596894,2.0790098,2022/4/19 14:09
256,0.4314926,-10.395049,2.0397832,2022/4/19 14:09
257,0.4707192,-10.2381426,1.8044236,2022/4/19 14:09
258,0.6276256,-10.395049,1.8044236,2022/4/19 14:09
259,0.3138128,-10.591182,2.0790098,2022/4/19 14:09
260,0.3530394,-10.4342756,2.0397832,2022/4/19 14:09
261,0.588399,-10.4342756,1.7259704,2022/4/19 14:09
262,0.392266,-10.002783,2.1182364,2022/4/19 14:09
263,0.6276256,-10.1596894,1.7259704,2022/4/19 14:09
264,0.2745862,-10.395049,1.765197,2022/4/19 14:09
265,0.588399,-10.1204628,1.8044236,2022/4/19 14:09
266,0.3530394,-9.9635564,1.6475172,2022/4/19 14:09
267,0.0784532,-10.5519554,1.96133,2022/4/19 14:09
268,0.392266,-10.0812362,2.2751428,2022/4/19 14:09
269,0.7060788,-9.8851032,1.9221034,2022/4/19 14:09
270,0.7060788,-9.80665,1.7259704,2022/4/19 14:09
271,0.5491724,-10.3165958,1.765197,2022/4/19 14:09
272,0.588399,-10.198916,1.8436502,2022/4/19 14:09
273,0.7453054,-10.5519554,1.6867438,2022/4/19 14:09
274,0.4707192,-10.0420096,1.7259704,2022/4/19 14:09
275,0.6276256,-10.2381426,1.9221034,2022/4/19 14:09
276,0.3530394,-10.2773692,1.8436502,2022/4/19 14:09
277,0.588399,-10.395049,1.7259704,2022/4/19 14:09
278,0.6668522,-9.9243298,2.157463,2022/4/19 14:09
279,0.4707192,-9.9243298,2.0790098,2022/4/19 14:09
280,0.588399,-10.1596894,2.0005566,2022/4/19 14:09
281,0.7453054,-10.5519554,1.765197,2022/4/19 14:09
282,0.196133,-10.002783,1.8828768,2022/4/19 14:09
283,0.4707192,-10.3165958,1.765197,2022/4/19 14:09
284,0.784532,-10.5519554,1.96133,2022/4/19 14:09
285,0.5099458,-10.2773692,1.9221034,2022/4/19 14:09
286,0.5099458,-10.3165958,1.4906108,2022/4/19 14:09
287,0.3530394,-10.2381426,2.5889556,2022/4/19 14:09
288,0.9414384,-9.80665,1.5298374,2022/4/19 14:09
289,0.5099458,-10.2773692,0.9414384,2022/4/19 14:09
290,0.3530394,-10.1204628,2.0790098,2022/4/19 14:09
291,0.784532,-10.2381426,2.0790098,2022/4/19 14:09
292,1.0198916,-9.610517,1.765197,2022/4/19 14:09
293,0.3138128,-10.5127288,1.6867438,2022/4/19 14:09
294,0.4707192,-10.4735022,2.2751428,2022/4/19 14:09
295,0.1176798,-11.4149406,1.8436502,2022/4/19 14:09
296,1.6475172,-9.3359308,1.176798,2022/4/19 14:09
297,0.3138128,-10.4735022,2.0790098,2022/4/19 14:09
298,0.4707192,-10.1596894,1.6475172,2022/4/19 14:09
299,0.4314926,-10.3165958,2.0005566,2022/4/19 14:09
300,0.588399,-10.0812362,1.8436502,2022/4/19 14:09
301,0.5491724,-10.395049,1.765197,2022/4/19 14:09
302,0.2353596,-10.2381426,1.8436502,2022/4/19 14:09
303,0.5099458,-10.1204628,1.8828768,2022/4/19 14:09
304,0.9022118,-10.395049,1.6867438,2022/4/19 14:09
305,0.6668522,-10.2381426,1.7259704,2022/4/19 14:09
306,0.2745862,-10.0420096,1.96133,2022/4/19 14:09
307,0.5099458,-10.5127288,1.7259704,2022/4/19 14:09
308,0.588399,-10.4735022,1.8044236,2022/4/19 14:09
309,0.4314926,-10.4342756,1.96133,2022/4/19 14:09
310,0.392266,-10.2381426,1.8828768,2022/4/19 14:09
311,0.5491724,-10.3558224,1.96133,2022/4/19 14:09
312,0.588399,-10.3165958,1.765197,2022/4/19 14:09
313,0.7060788,-10.002783,1.8436502,2022/4/19 14:09
314,0.6276256,-10.198916,2.157463,2022/4/19 14:09
315,0.3138128,-10.002783,1.8828768,2022/4/19 14:09
316,0.5491724,-10.4342756,1.8044236,2022/4/19 14:09
317,0.392266,-10.4342756,1.8436502,2022/4/19 14:09
318,0.4707192,-10.2773692,1.9221034,2022/4/19 14:09
319,0.3530394,-10.3165958,2.0397832,2022/4/19 14:09
320,0.5099458,-10.3558224,1.8828768,2022/4/19 14:09
321,0.5491724,-10.002783,1.96133,2022/4/19 14:09
322,0.4707192,-10.1204628,2.0790098,2022/4/19 14:09
323,0.588399,-10.5519554,1.765197,2022/4/19 14:09
324,0.8237586,-10.198916,1.96133,2022/4/19 14:09
325,0.588399,-11.1011278,1.8044236,2022/4/19 14:09
326,0.6668522,-10.5519554,1.6082906,2022/4/19 14:09
327,0.392266,-10.002783,2.2359162,2022/4/19 14:09
328,0.3138128,-10.198916,1.4121576,2022/4/19 14:09
329,0.4314926,-10.3165958,1.96133,2022/4/19 14:09
330,0.4707192,-10.4735022,2.157463,2022/4/19 14:09
331,0.5491724,-9.6497436,2.0005566,2022/4/19 14:09
332,0.3530394,-9.610517,2.0005566,2022/4/19 14:09
333,0.3138128,-10.198916,1.7259704,2022/4/19 14:09
334,0.7060788,-10.2773692,2.0005566,2022/4/19 14:09
335,0.6276256,-10.2381426,1.8828768,2022/4/19 14:09
336,0.6276256,-10.0812362,1.372931,2022/4/19 14:09
337,0.4314926,-10.2381426,2.0397832,2022/4/19 14:09
338,0.5491724,-10.4342756,1.96133,2022/4/19 14:09
339,0.6276256,-10.3558224,1.765197,2022/4/19 14:09
340,0.588399,-10.3165958,1.765197,2022/4/19 14:09
341,0.0784532,-10.1596894,2.4320492,2022/4/19 14:09
342,0.6668522,-10.395049,1.8828768,2022/4/19 14:09
343,0.7060788,-10.5127288,1.8436502,2022/4/19 14:09
344,0.588399,-9.6889702,2.0397832,2022/4/19 14:09
345,0.5099458,-9.9635564,2.0790098,2022/4/19 14:09
346,0.7060788,-10.6696352,2.0397832,2022/4/19 14:09
347,0.5491724,-10.4342756,1.8436502,2022/4/19 14:09
348,0.5099458,-10.0420096,1.6867438,2022/4/19 14:09
349,0.4707192,-10.198916,1.8436502,2022/4/19 14:09
350,0.6668522,-10.1596894,1.8044236,2022/4/19 14:09
351,0.9022118,-10.395049,1.2160246,2022/4/19 14:09
352,0.3530394,-11.2972608,1.96133,2022/4/19 14:09
353,0.784532,-10.3558224,1.6475172,2022/4/19 14:09
354,0.784532,-10.002783,1.6867438,2022/4/19 14:09
355,0.2353596,-10.0420096,1.5298374,2022/4/19 14:09
356,0.1176798,-10.9049948,2.2359162,2022/4/19 14:09
357,0.5491724,-10.3165958,1.8436502,2022/4/19 14:09
358,0.8629852,-9.6889702,1.7259704,2022/4/19 14:09
359,0.4707192,-10.198916,1.96133,2022/4/19 14:09
360,0.4314926,-9.9243298,2.0397832,2022/4/19 14:09
361,0.5491724,-10.2773692,2.0005566,2022/4/19 14:09
362,0.4314926,-10.4342756,1.9221034,2022/4/19 14:09
363,0.6276256,-10.5519554,1.8044236,2022/4/19 14:09
364,0.1569064,-10.0812362,1.8828768,2022/4/19 14:09
365,0.4707192,-9.5320638,2.0790098,2022/4/19 14:09
366,0.6668522,-10.3558224,1.8044236,2022/4/19 14:09
367,0.4314926,-10.395049,1.8436502,2022/4/19 14:09
368,0,-10.198916,1.8436502,2022/4/19 14:09
369,0.784532,-10.2773692,1.8828768,2022/4/19 14:09
370,0.6276256,-10.4735022,1.8436502,2022/4/19 14:09
371,0.5099458,-10.2381426,1.96133,2022/4/19 14:09
372,0.3138128,-10.198916,2.0005566,2022/4/19 14:09
373,0.5099458,-10.3558224,1.9221034,2022/4/19 14:09
374,0.5491724,-10.2381426,1.96133,2022/4/19 14:09
375,0.7060788,-10.198916,2.0397832,2022/4/19 14:09
376,0.588399,-10.198916,1.96133,2022/4/19 14:09
377,0.4707192,-10.3558224,1.6867438,2022/4/19 14:09
378,0.5491724,-10.5519554,1.8436502,2022/4/19 14:09
379,0.5491724,-10.0812362,1.9221034,2022/4/19 14:09
380,0.5099458,-10.2381426,1.9221034,2022/4/19 14:09
381,0.7060788,-10.3165958,1.8044236,2022/4/19 14:09
382,0.5491724,-10.2381426,1.9221034,2022/4/19 14:09
383,0.4314926,-10.1596894,2.0397832,2022/4/19 14:09
384,0.4314926,-10.2381426,1.8436502,2022/4/19 14:09
385,0.7453054,-10.0420096,2.0790098,2022/4/19 14:09
386,0.5491724,-9.5712904,1.8436502,2022/4/19 14:09
387,0.3530394,-10.6696352,1.96133,2022/4/19 14:09
388,0.5099458,-9.9635564,1.569064,2022/4/19 14:09
389,0.6668522,-10.4735022,1.8436502,2022/4/19 14:09
390,0.3138128,-10.0420096,1.6867438,2022/4/19 14:09
391,0.3530394,-10.5519554,1.8828768,2022/4/19 14:09
392,0.392266,-10.1596894,2.0790098,2022/4/19 14:09
393,0.588399,-9.8458766,1.96133,2022/4/19 14:09
394,0.4707192,-10.1204628,1.9221034,2022/4/19 14:09
395,1.2944778,-10.787315,1.7259704,2022/4/19 14:09
396,0.6668522,-10.2773692,1.9221034,2022/4/19 14:09
397,0.9022118,-10.198916,1.8436502,2022/4/19 14:09
398,0.392266,-10.0812362,1.7259704,2022/4/19 14:09
399,0.5099458,-10.0420096,2.0005566,2022/4/19 14:09
400,0.4707192,-10.6304086,1.765197,2022/4/19 14:09
401,0.6668522,-10.5127288,1.6082906,2022/4/19 14:09
402,0.6276256,-10.2773692,1.6475172,2022/4/19 14:09
403,0.4707192,-10.3165958,1.8436502,2022/4/19 14:09
404,0.4707192,-10.1596894,2.0397832,2022/4/19 14:09
405,0.6276256,-10.1596894,1.765197,2022/4/19 14:09
406,0.6276256,-10.002783,1.8436502,2022/4/19 14:09
407,0.392266,-10.002783,1.8436502,2022/4/19 14:09
408,0.8237586,-10.3558224,1.6867438,2022/4/19 14:09
409,0.9414384,-10.5519554,1.8828768,2022/4/19 14:09
410,0.3138128,-10.002783,2.157463,2022/4/19 14:09
411,0.4707192,-10.1204628,2.0397832,2022/4/19 14:09
412,-0.0784532,-10.6304086,1.6475172,2022/4/19 14:09
413,0.7060788,-9.610517,1.2944778,2022/4/19 14:09
414,0.1569064,-10.7088618,2.353596,2022/4/19 14:09
415,0.588399,-9.8458766,2.0005566,2022/4/19 14:09
416,0.8629852,-10.3558224,1.372931,2022/4/19 14:09
417,0.5491724,-9.4928372,1.4121576,2022/4/19 14:09
418,-0.1569064,-10.591182,2.3928226,2022/4/19 14:09
419,0.6276256,-10.4735022,2.3928226,2022/4/19 14:09
420,0.980665,-10.1596894,1.4513842,2022/4/19 14:09
421,0.4707192,-10.3558224,1.5298374,2022/4/19 14:09
422,-0.7060788,-11.6503002,2.6281822,2022/4/19 14:09
423,1.0591182,-10.6304086,1.8044236,2022/4/19 14:09
424,0.588399,-10.4735022,2.0005566,2022/4/19 14:09
425,0.6668522,-10.1204628,1.9221034,2022/4/19 14:09
426,0.3138128,-10.198916,1.96133,2022/4/19 14:09
427,0.3138128,-10.198916,1.8828768,2022/4/19 14:09
428,0.7060788,-10.0812362,1.9221034,2022/4/19 14:09
429,0.588399,-10.4342756,1.765197,2022/4/19 14:09
430,0.392266,-10.198916,1.8436502,2022/4/19 14:09
431,0.4707192,-10.0812362,1.96133,2022/4/19 14:09
432,0.6276256,-10.2773692,1.8436502,2022/4/19 14:09
433,0.5099458,-10.2773692,1.96133,2022/4/19 14:09
434,0.4314926,-10.2381426,1.8828768,2022/4/19 14:09
435,0.5491724,-10.2773692,1.96133,2022/4/19 14:09
436,0.6276256,-10.3558224,1.9221034,2022/4/19 14:09
437,0.4314926,-10.0812362,2.1182364,2022/4/19 14:09
438,0.5491724,-10.198916,2.0005566,2022/4/19 14:09
439,0.588399,-9.8851032,1.9221034,2022/4/19 14:09
440,0.588399,-10.395049,1.372931,2022/4/19 14:09
441,0.2745862,-10.4735022,2.0790098,2022/4/19 14:09
442,0.4314926,-10.3558224,1.96133,2022/4/19 14:09
443,0.588399,-10.1204628,1.8828768,2022/4/19 14:09
444,0.6668522,-10.3558224,1.8828768,2022/4/19 14:09
445,0.4707192,-10.4735022,1.8436502,2022/4/19 14:09
446,0.4314926,-10.198916,1.8044236,2022/4/19 14:09
447,0.6668522,-10.198916,2.0397832,2022/4/19 14:09
448,0.7060788,-10.1204628,1.8828768,2022/4/19 14:09
449,0.4314926,-10.0812362,1.9221034,2022/4/19 14:09
450,0.7060788,-10.002783,1.8828768,2022/4/19 14:09
451,0.7060788,-10.198916,1.9221034,2022/4/19 14:09
452,0.4314926,-10.1596894,1.2552512,2022/4/19 14:09
453,0.980665,-10.6696352,1.8828768,2022/4/19 14:09
454,0.4707192,-10.1204628,2.2751428,2022/4/19 14:09
455,0.0784532,-10.1204628,1.8828768,2022/4/19 14:09
456,0.5099458,-9.9635564,2.0005566,2022/4/19 14:09
457,0.4314926,-10.7480884,1.8828768,2022/4/19 14:09
458,0.3138128,-10.1204628,1.765197,2022/4/19 14:09
459,0.5099458,-10.1596894,1.6867438,2022/4/19 14:09
460,0.6276256,-10.395049,2.0005566,2022/4/19 14:09
461,0.2353596,-10.395049,2.1182364,2022/4/19 14:09
462,0.4314926,-10.2773692,1.9221034,2022/4/19 14:09
463,0.4707192,-10.1596894,1.6082906,2022/4/19 14:09
464,0.6668522,-10.4735022,1.96133,2022/4/19 14:09
465,0.2745862,-10.2381426,2.3143694,2022/4/19 14:09
466,0.2745862,-10.5519554,1.9221034,2022/4/19 14:09
467,0.7060788,-10.1204628,1.5298374,2022/4/19 14:09
468,0.5099458,-10.2381426,2.157463,2022/4/19 14:09
469,0.4314926,-10.198916,1.96133,2022/4/19 14:09
470,0.588399,-10.3165958,1.96133,2022/4/19 14:09
471,0.4707192,-10.1204628,1.8044236,2022/4/19 14:09
472,0.6668522,-10.2773692,1.4513842,2022/4/19 14:09
473,0.7060788,-10.1596894,1.96133,2022/4/19 14:09
474,0.3530394,-10.3165958,2.157463,2022/4/19 14:09
475,0.8629852,-10.1204628,1.8044236,2022/4/19 14:09
476,1.5298374,-8.6690786,2.2359162,2022/4/19 14:09
477,0.196133,-10.0420096,1.8436502,2022/4/19 14:09
478,0.392266,-10.002783,1.4121576,2022/4/19 14:09
479,0.9414384,-10.1596894,1.8828768,2022/4/19 14:09
480,0.6276256,-10.591182,2.157463,2022/4/19 14:09
481,0.2353596,-10.2381426,2.1966896,2022/4/19 14:09
482,0.1569064,-10.002783,1.6867438,2022/4/19 14:09
483,0.6276256,-10.2773692,2.0005566,2022/4/19 14:09
484,0.4707192,-11.3364874,1.1375714,2022/4/19 14:09
485,0.784532,-10.1204628,1.6867438,2022/4/19 14:09
486,0.588399,-9.9635564,1.765197,2022/4/19 14:09
487,0.5099458,-10.3165958,1.7259704,2022/4/19 14:09
488,0.4707192,-10.0420096,2.0005566,2022/4/19 14:09
489,0.5491724,-10.198916,1.765197,2022/4/19 14:09
490,0.8237586,-10.5127288,1.8436502,2022/4/19 14:09
491,0.5491724,-10.395049,1.8044236,2022/4/19 14:09
492,0.3138128,-10.2773692,1.8828768,2022/4/19 14:09
493,0.392266,-10.1596894,1.8436502,2022/4/19 14:09
494,0.392266,-10.2381426,2.0005566,2022/4/19 14:09
495,0.6276256,-10.2773692,1.8436502,2022/4/19 14:09
496,0.6668522,-10.1204628,1.7259704,2022/4/19 14:09
497,0.4314926,-10.3165958,1.9221034,2022/4/19 14:09
498,0.5099458,-10.3165958,1.7259704,2022/4/19 14:09
499,0.6276256,-10.0812362,1.4906108,2022/4/19 14:09
500,0.5099458,-10.198916,2.0397832,2022/4/19 14:09
501,0.588399,-10.002783,1.8436502,2022/4/19 14:09
502,0.7060788,-10.3558224,1.6082906,2022/4/19 14:09
503,0.7453054,-10.0812362,1.569064,2022/4/19 14:09
504,0.5491724,-10.3558224,1.8828768,2022/4/19 14:09
505,0.588399,-10.395049,1.8436502,2022/4/19 14:09
506,0.5099458,-10.2381426,1.8044236,2022/4/19 14:09
507,0.3530394,-10.4342756,1.8828768,2022/4/19 14:09
508,0.5099458,-10.1596894,1.9221034,2022/4/19 14:09
509,0.5099458,-10.1596894,2.0397832,2022/4/19 14:09
510,0.6276256,-10.3165958,1.8828768,2022/4/19 14:09
511,0.2745862,-10.198916,2.0397832,2022/4/19 14:09
512,0.6276256,-10.5127288,2.0005566,2022/4/19 14:09
513,0.3530394,-10.3558224,1.5298374,2022/4/19 14:09
514,0.392266,-10.5519554,1.4121576,2022/4/19 14:09
515,1.0198916,-10.1204628,1.765197,2022/4/19 14:09
516,0.7453054,-10.2381426,2.0005566,2022/4/19 14:09
517,0.3138128,-10.3165958,2.0005566,2022/4/19 14:09
518,0.7060788,-10.002783,1.6082906,2022/4/19 14:09
519,0.6668522,-10.1204628,1.8436502,2022/4/19 14:09
520,0.6276256,-10.6304086,1.8436502,2022/4/19 14:09
521,0.4314926,-9.4928372,1.96133,2022/4/19 14:09
522,0.6276256,-10.3165958,1.8828768,2022/4/19 14:09
523,0.4314926,-10.1596894,1.8828768,2022/4/19 14:09
524,0.4314926,-10.7480884,2.0397832,2022/4/19 14:09
525,0.6276256,-10.3558224,1.8044236,2022/4/19 14:09
526,0.392266,-9.9243298,1.8436502,2022/4/19 14:09
527,0.6276256,-10.2381426,1.9221034,2022/4/19 14:09
528,0.3138128,-10.198916,1.765197,2022/4/19 14:09
529,0.7453054,-10.4735022,1.7259704,2022/4/19 14:09
530,0.6276256,-10.198916,2.0005566,2022/4/19 14:09
531,0.4314926,-9.9243298,2.0005566,2022/4/19 14:09
532,0.588399,-10.5519554,1.8044236,2022/4/19 14:09
533,0.6668522,-10.2381426,1.765197,2022/4/19 14:09
534,0.392266,-10.0812362,1.7259704,2022/4/19 14:09
535,0.5491724,-10.0812362,1.765197,2022/4/19 14:09
536,0.196133,-10.1204628,1.8828768,2022/4/19 14:10
537,0.7453054,-10.002783,1.8436502,2022/4/19 14:10
538,0.392266,-10.8265416,1.2160246,2022/4/19 14:10
539,0.4707192,-10.002783,1.8828768,2022/4/19 14:10
540,0.7453054,-10.0420096,1.176798,2022/4/19 14:10
541,0.3530394,-10.3165958,1.765197,2022/4/19 14:10
542,0.3530394,-10.7480884,2.3143694,2022/4/19 14:10
543,0.588399,-10.0812362,2.0005566,2022/4/19 14:10
544,0.7060788,-9.7281968,1.7259704,2022/4/19 14:10
545,0.4707192,-10.5127288,2.1182364,2022/4/19 14:10
546,0.392266,-10.5127288,2.7066354,2022/4/19 14:10
547,0.0784532,-10.8265416,2.4320492,2022/4/19 14:10
548,0.3530394,-10.3165958,1.8044236,2022/4/19 14:10
549,0.7060788,-10.0812362,2.0397832,2022/4/19 14:10
550,0.3530394,-10.3165958,1.8044236,2022/4/19 14:10
551,0.4314926,-10.198916,1.96133,2022/4/19 14:10
552,0.6668522,-10.5127288,1.8044236,2022/4/19 14:38
553,0.5099458,-10.1596894,1.8828768,2022/4/19 14:38
554,0.5099458,-10.1596894,1.9221034,2022/4/19 14:38
555,0.6276256,-10.2381426,1.8436502,2022/4/19 14:38
556,0.588399,-10.2773692,1.765197,2022/4/19 14:38
557,0.4707192,-10.1596894,2.0005566,2022/4/19 14:38
558,0.4707192,-10.2381426,1.8828768,2022/4/19 14:38
559,0.7453054,-10.395049,1.9221034,2022/4/19 14:38
560,0.6276256,-10.198916,1.8044236,2022/4/19 14:38
561,0.5491724,-10.002783,2.0790098,2022/4/19 14:38
562,0.7453054,-10.0812362,1.765197,2022/4/19 14:38
563,0.7453054,-10.1596894,2.0790098,2022/4/19 14:38
564,0.4314926,-10.1596894,1.569064,2022/4/19 14:38
565,0.5099458,-10.2381426,1.96133,2022/4/19 14:38
566,0.2745862,-10.0812362,1.8828768,2022/4/19 14:38
567,0.4314926,-9.610517,1.8436502,2022/4/19 14:38
568,0.392266,-10.002783,1.9221034,2022/4/19 14:38
569,0.2353596,-10.8265416,2.0397832,2022/4/19 14:38
570,0.6276256,-9.2967042,1.765197,2022/4/19 14:38
571,0.4314926,-9.9635564,2.0005566,2022/4/19 14:38
572,0.2745862,-10.4342756,2.3143694,2022/4/19 14:38
573,0.0392266,-10.8265416,2.0790098,2022/4/19 14:38
574,0.6276256,-10.1204628,1.8044236,2022/4/19 14:38
575,0.588399,-10.4342756,2.0397832,2022/4/19 14:38
576,0.392266,-10.3165958,1.8044236,2022/4/19 14:38
577,0.5099458,-10.002783,2.0397832,2022/4/19 14:38
578,0.5099458,-10.8657682,1.765197,2022/4/19 14:38
579,0.392266,-10.1596894,1.8828768,2022/4/19 14:38
580,0.2353596,-10.002783,2.0397832,2022/4/19 14:38
581,0.9414384,-10.4342756,2.0005566,2022/4/19 14:38
582,0.9022118,-10.6696352,1.9221034,2022/4/19 14:38
583,0.2745862,-10.0420096,1.9221034,2022/4/19 14:38
584,0.5099458,-10.198916,1.8436502,2022/4/19 14:38
585,0.8237586,-10.5127288,2.1966896,2022/4/19 14:38
586,0.6668522,-10.395049,2.0005566,2022/4/19 14:38
587,0.4707192,-10.591182,2.549729,2022/4/19 14:38
588,0.6668522,-10.5519554,1.8828768,2022/4/19 14:38
589,0.980665,-10.198916,1.2944778,2022/4/19 14:38
590,0.6668522,-9.610517,1.0591182,2022/4/19 14:38
591,-0.196133,-10.4735022,2.353596,2022/4/19 14:38
592,0.392266,-9.9635564,2.353596,2022/4/19 14:38
593,0.8237586,-10.1596894,1.4121576,2022/4/19 14:38
594,0.4707192,-10.5519554,1.3337044,2022/4/19 14:38
595,-0.0392266,-11.1011278,2.4320492,2022/4/19 14:38
596,0.4707192,-10.4735022,1.8044236,2022/4/19 14:38
597,0.8629852,-10.1204628,1.9221034,2022/4/19 14:38
598,1.0198916,-10.1204628,2.0005566,2022/4/19 14:38
599,0.196133,-10.4342756,2.0005566,2022/4/19 14:38
600,0.196133,-10.2381426,1.8436502,2022/4/19 14:38
601,0.7060788,-10.1596894,1.7259704,2022/4/19 14:38
602,0.3138128,-10.1596894,2.0005566,2022/4/19 14:38
603,0.5099458,-10.2381426,2.0005566,2022/4/19 14:38
604,0.5099458,-10.1596894,1.9221034,2022/4/19 14:38
605,0.4707192,-10.2773692,1.9221034,2022/4/19 14:38
606,0.6276256,-10.002783,1.9221034,2022/4/19 14:38
607,0.2745862,-10.3165958,1.8436502,2022/4/19 14:38
608,0.5099458,-10.2773692,1.96133,2022/4/19 14:38
609,0.6668522,-10.4342756,1.8436502,2022/4/19 14:38
610,0.392266,-10.3558224,2.0005566,2022/4/19 14:38
611,0.3138128,-10.0420096,2.0005566,2022/4/19 14:38
612,0.3138128,-10.198916,1.9221034,2022/4/19 14:38
613,0.7453054,-10.4342756,1.6082906,2022/4/19 14:38
614,0.4707192,-10.5519554,1.9221034,2022/4/19 14:38
615,0.392266,-9.8851032,1.96133,2022/4/19 14:38
616,0.3138128,-10.1204628,1.8044236,2022/4/19 14:38
617,0.7060788,-10.0812362,1.6867438,2022/4/19 14:38
618,0.6276256,-10.1204628,2.0005566,2022/4/19 14:38
619,0.588399,-10.198916,2.0005566,2022/4/19 14:38
620,0.5491724,-10.2773692,1.7259704,2022/4/19 14:38
621,0.6668522,-9.9635564,1.7259704,2022/4/19 14:38
622,0.7060788,-10.2381426,2.157463,2022/4/19 14:38
623,0.2353596,-10.2773692,1.7259704,2022/4/19 14:38
624,0.3530394,-9.9243298,2.0397832,2022/4/19 14:38
625,1.2552512,-10.1596894,1.7259704,2022/4/19 14:38
626,0.4314926,-10.6304086,1.9221034,2022/4/19 14:38
627,0.2353596,-11.0226746,1.96133,2022/4/19 14:38
628,0.4707192,-9.8851032,2.0005566,2022/4/19 14:38
629,0.4314926,-10.5519554,2.353596,2022/4/19 14:38
630,0.4314926,-10.1204628,2.4320492,2022/4/19 14:38
631,0.6276256,-10.9442214,2.0790098,2022/4/19 14:38
632,0.5491724,-9.9635564,1.5298374,2022/4/19 14:38
633,0.7453054,-10.198916,1.4121576,2022/4/19 14:38
634,0.588399,-9.5712904,1.8828768,2022/4/19 14:38
635,0.6668522,-9.8851032,2.1182364,2022/4/19 14:38
636,0.3530394,-10.2773692,1.569064,2022/4/19 14:38
637,0.9022118,-10.1204628,2.1966896,2022/4/19 14:38
638,0.7060788,-10.002783,1.96133,2022/4/19 14:38
639,0.6276256,-10.1596894,1.765197,2022/4/19 14:38
640,0.5491724,-9.80665,2.1182364,2022/4/19 14:38
641,0.7060788,-10.3165958,1.8044236,2022/4/19 14:38
642,0.2353596,-10.198916,1.8044236,2022/4/19 14:38
643,0.3138128,-10.3165958,1.6867438,2022/4/19 14:38
644,0.4707192,-10.1204628,1.6475172,2022/4/19 14:38
645,0.5099458,-10.0812362,2.0005566,2022/4/19 14:38
646,0.784532,-10.4735022,2.0005566,2022/4/19 14:38
647,0.6276256,-10.3165958,2.0790098,2022/4/19 14:38
648,0.4707192,-10.3165958,1.7259704,2022/4/19 14:38
649,0.1176798,-10.6304086,1.765197,2022/4/19 14:38
650,0.784532,-10.395049,1.569064,2022/4/19 14:38
651,0.7060788,-10.2381426,1.0983448,2022/4/19 14:38
652,0.0392266,-10.395049,2.2359162,2022/4/19 14:38
653,0.6276256,-10.0812362,2.2751428,2022/4/19 14:38
654,0.8629852,-10.3558224,1.5298374,2022/4/19 14:38
655,0.588399,-10.0812362,1.0198916,2022/4/19 14:38
656,0.2745862,-10.2773692,2.1182364,2022/4/19 14:38
657,0.6668522,-9.9635564,2.1966896,2022/4/19 14:38
658,0.7453054,-9.3751574,1.8044236,2022/4/19 14:38
659,0.3138128,-10.1596894,1.96133,2022/4/19 14:38
660,0.3138128,-10.0812362,2.0005566,2022/4/19 14:38
661,0.3530394,-10.1596894,1.96133,2022/4/19 14:38
662,0.588399,-9.9635564,1.8436502,2022/4/19 14:38
663,0.3530394,-10.395049,2.0005566,2022/4/19 14:38
664,0.392266,-10.4342756,1.8828768,2022/4/19 14:38
665,0.7060788,-10.5519554,1.569064,2022/4/19 14:38
666,0.5099458,-10.4342756,2.0005566,2022/4/19 14:38
667,0.2745862,-10.2773692,2.0005566,2022/4/19 14:38
668,0.3138128,-10.2773692,1.9221034,2022/4/19 14:38
669,0.3530394,-10.0812362,1.96133,2022/4/19 14:38
670,0.6668522,-10.198916,1.8828768,2022/4/19 14:38
671,0.784532,-9.9243298,1.96133,2022/4/19 14:38
672,0.5099458,-10.0812362,1.9221034,2022/4/19 14:38
673,0.5099458,-10.4342756,2.3143694,2022/4/19 14:38
674,0.8237586,-10.2773692,1.8828768,2022/4/19 14:38
675,0.5099458,-10.1596894,2.0005566,2022/4/19 14:38
676,0.6276256,-10.1596894,2.0790098,2022/4/19 14:38
677,0.4707192,-10.2381426,1.8436502,2022/4/19 14:38
678,0.7453054,-10.1596894,1.4121576,2022/4/19 14:38
679,0.5099458,-10.5127288,1.9221034,2022/4/19 14:38
680,0.5491724,-10.591182,1.8044236,2022/4/19 14:38
681,0.7060788,-10.2381426,1.7259704,2022/4/19 14:38
682,0.4314926,-10.3558224,1.765197,2022/4/19 14:38
683,0.4314926,-10.002783,2.2359162,2022/4/19 14:38
684,0.4314926,-10.3165958,1.96133,2022/4/19 14:38
685,0.6276256,-9.9635564,1.8828768,2022/4/19 14:38
686,0.5491724,-10.2773692,2.157463,2022/4/19 14:38
687,0.5099458,-10.9442214,1.9221034,2022/4/19 14:38
688,0.7060788,-10.6696352,1.7259704,2022/4/19 14:38
689,0.5099458,-10.2381426,2.1182364,2022/4/19 14:38
690,0.2745862,-10.2773692,1.8436502,2022/4/19 14:38
691,0.7453054,-10.2773692,2.157463,2022/4/19 14:38
692,0.5491724,-10.1204628,1.96133,2022/4/19 14:38
693,0.588399,-9.5712904,2.2359162,2022/4/19 14:38
694,0.392266,-10.5519554,1.6867438,2022/4/19 14:38
695,0.0392266,-10.395049,1.8828768,2022/4/19 14:38
696,0.5491724,-10.0812362,1.8828768,2022/4/19 14:38
697,0.9022118,-9.9635564,2.0005566,2022/4/19 14:38
698,0.3530394,-10.1204628,1.5298374,2022/4/19 14:38
699,0.3530394,-10.1596894,1.7259704,2022/4/19 14:38
700,0.3530394,-10.4342756,1.8044236,2022/4/19 14:38
701,0.588399,-10.1204628,1.8436502,2022/4/19 14:38
702,0.6668522,-10.3165958,1.6475172,2022/4/19 14:38
703,0.588399,-10.0420096,1.96133,2022/4/19 14:38
704,0.4707192,-10.6304086,2.0790098,2022/4/19 14:38
705,0.8237586,-10.2773692,1.7259704,2022/4/19 14:38
706,0.6276256,-10.198916,2.0790098,2022/4/19 14:38
707,0.4314926,-9.8458766,2.0397832,2022/4/19 14:38
708,0.9414384,-10.6304086,2.0005566,2022/4/19 14:38
709,0.784532,-10.2773692,2.0790098,2022/4/19 14:38
710,0.5099458,-10.3165958,1.7259704,2022/4/19 14:38
711,0.7060788,-10.1204628,2.0005566,2022/4/19 14:38
712,0.784532,-10.198916,1.4513842,2022/4/19 14:38
713,0.784532,-10.591182,1.6082906,2022/4/19 14:38
714,0.6276256,-10.787315,1.8828768,2022/4/19 14:38
715,0.7453054,-10.3165958,1.765197,2022/4/19 14:38
716,0.784532,-10.002783,1.5298374,2022/4/19 14:38
717,0.3530394,-10.7480884,1.2552512,2022/4/19 14:38
718,0.196133,-10.9442214,2.3143694,2022/4/19 14:38
719,0.784532,-10.4735022,2.0397832,2022/4/19 14:38
720,0.6668522,-10.2381426,1.372931,2022/4/19 14:38
721,1.3337044,-10.0420096,2.157463,2022/4/19 14:38
722,0.5491724,-9.7674234,1.9221034,2022/4/19 14:38
723,0.5099458,-10.0420096,1.7259704,2022/4/19 14:38
724,0.6668522,-10.3165958,1.96133,2022/4/19 14:38
725,0.392266,-10.1596894,2.0397832,2022/4/19 14:38
726,0.5491724,-10.002783,1.8044236,2022/4/19 14:38
727,0.5491724,-10.3165958,1.9221034,2022/4/19 14:38
728,1.1375714,-10.5519554,1.9221034,2022/4/19 14:38
729,0.4314926,-10.395049,1.96133,2022/4/19 14:38
730,0.3530394,-10.3165958,1.9221034,2022/4/19 14:38
731,0.4707192,-10.395049,2.0005566,2022/4/19 14:38
732,0.6668522,-10.2381426,2.0790098,2022/4/19 14:38
733,0.6668522,-9.9243298,1.9221034,2022/4/19 14:38
734,0.2745862,-10.1204628,1.7259704,2022/4/19 14:38
735,0.392266,-10.198916,2.0397832,2022/4/19 14:38
736,0.7453054,-10.3558224,1.8044236,2022/4/19 14:38
737,0.4314926,-10.3165958,1.8828768,2022/4/19 14:38
738,0.5491724,-10.1596894,1.8828768,2022/4/19 14:38
739,0.4314926,-10.1204628,1.6082906,2022/4/19 14:38
740,0.7060788,-10.198916,2.1182364,2022/4/19 14:38
741,0.392266,-10.1204628,2.0790098,2022/4/19 14:38
742,0.392266,-10.2773692,2.0005566,2022/4/19 14:38
743,0.7060788,-10.4735022,1.765197,2022/4/19 14:38
744,0.8237586,-10.2381426,1.569064,2022/4/19 14:38
745,0.5099458,-10.4342756,2.0790098,2022/4/19 14:38
746,0.4707192,-10.4342756,1.8436502,2022/4/19 14:38
747,0.5491724,-10.0812362,1.8044236,2022/4/19 14:38
748,0.980665,-9.8851032,1.765197,2022/4/19 14:38
749,0.9022118,-10.3165958,1.569064,2022/4/19 14:38
750,0.2745862,-11.0619012,2.157463,2022/4/19 14:38
751,0.6276256,-10.2773692,1.8828768,2022/4/19 14:38
752,1.4513842,-9.9243298,2.1966896,2022/4/19 14:38
753,0.4707192,-10.1596894,1.7259704,2022/4/19 14:38
754,0.392266,-10.9442214,1.6867438,2022/4/19 14:38
755,0.4707192,-10.1596894,1.8436502,2022/4/19 14:38
756,1.8828768,-9.8458766,1.8828768,2022/4/19 14:38
757,0.4314926,-10.3165958,1.8828768,2022/4/19 14:38
758,0.2353596,-10.4342756,1.96133,2022/4/19 14:38
759,0.5099458,-9.8458766,1.6475172,2022/4/19 14:38
760,0.5099458,-10.7480884,1.4121576,2022/4/19 14:38
761,0.4707192,-10.1596894,2.0790098,2022/4/19 14:38
762,0.4314926,-10.0420096,1.8044236,2022/4/19 14:38
763,0.4707192,-10.1204628,1.9221034,2022/4/19 14:38
764,0.4314926,-10.5127288,2.2751428,2022/4/19 14:38
765,-0.2353596,-9.7674234,2.5889556,2022/4/19 14:38
766,0.4707192,-10.002783,1.765197,2022/4/19 14:38
767,0.4314926,-10.6304086,2.1966896,2022/4/19 14:38
768,0.3530394,-10.1204628,2.1182364,2022/4/19 14:38
769,0.3138128,-10.395049,2.0005566,2022/4/19 14:38
770,0.6276256,-10.395049,1.6867438,2022/4/19 14:38
771,0.588399,-10.3558224,1.8436502,2022/4/19 14:38
772,0.392266,-10.5127288,2.0790098,2022/4/19 14:38
773,0.392266,-10.395049,1.8436502,2022/4/19 14:38
774,0.1569064,-10.1596894,2.0005566,2022/4/19 14:38
775,0.2353596,-10.1204628,2.157463,2022/4/19 14:38
776,0.3138128,-10.2773692,2.3143694,2022/4/19 14:38
777,0.9414384,-10.0420096,1.7259704,2022/4/19 14:38
778,0.392266,-10.2773692,2.0005566,2022/4/19 14:38
779,0.2745862,-10.4735022,2.8243152,2022/4/19 14:38
780,0.0392266,-10.6696352,2.3143694,2022/4/19 14:38
781,0.6276256,-9.7674234,1.96133,2022/4/19 14:38
782,0.5491724,-10.4342756,2.2359162,2022/4/19 14:38
783,0,-11.2188076,2.5889556,2022/4/19 14:38
784,0.588399,-10.0812362,2.0790098,2022/4/19 14:38
785,0.0784532,-10.2381426,1.765197,2022/4/19 14:38
786,0.5099458,-10.2381426,2.0397832,2022/4/19 14:38
787,0.5099458,-10.1204628,1.765197,2022/4/19 14:38
788,0.5099458,-10.0812362,1.8436502,2022/4/19 14:38
789,0.6668522,-10.198916,1.8044236,2022/4/19 14:38
790,0.392266,-10.198916,1.8828768,2022/4/19 14:38
791,0.4707192,-10.1596894,1.8828768,2022/4/19 14:38
792,0.8237586,-9.8851032,1.7259704,2022/4/19 14:38
793,0.6276256,-10.3165958,1.8436502,2022/4/19 14:38
794,0.8237586,-10.002783,1.9221034,2022/4/19 14:38
795,0.196133,-10.1596894,1.9221034,2022/4/19 14:38
796,0.784532,-10.1596894,1.8044236,2022/4/19 14:38
797,0.6668522,-10.4735022,1.765197,2022/4/19 14:38
798,0.5099458,-10.198916,1.8828768,2022/4/19 14:38
799,0.588399,-10.0812362,1.8044236,2022/4/19 14:38
800,0.6276256,-10.3165958,1.96133,2022/4/19 14:38
801,0.7453054,-10.5127288,1.6082906,2022/4/19 14:38
802,0.4314926,-10.5127288,1.96133,2022/4/19 14:38
803,0.2745862,-10.198916,2.0397832,2022/4/19 14:38
804,0.392266,-10.5127288,1.9221034,2022/4/19 14:38
805,0.5491724,-10.4735022,1.8436502,2022/4/19 14:38
806,0.3530394,-10.4342756,2.0397832,2022/4/19 14:38
807,0.5099458,-10.2381426,1.8044236,2022/4/19 14:38
808,0.5099458,-10.198916,1.96133,2022/4/19 14:38
809,0.5491724,-10.198916,1.8828768,2022/4/19 14:38
810,0.4314926,-10.9442214,1.6082906,2022/4/19 14:38
811,0.6276256,-10.198916,2.0397832,2022/4/19 14:38
812,0.588399,-10.0420096,1.8828768,2022/4/19 14:38
813,0.196133,-10.2381426,1.765197,2022/4/19 14:38
814,0,-10.8265416,2.0005566,2022/4/19 14:38
815,0.5099458,-11.2188076,1.6867438,2022/4/19 14:38
816,0.2745862,-10.0812362,2.0790098,2022/4/19 14:38
817,0.5491724,-9.9243298,2.1182364,2022/4/19 14:38
818,0.7453054,-10.9049948,2.0397832,2022/4/19 14:38
819,0.4314926,-9.414384,2.0790098,2022/4/19 14:38
820,0.392266,-10.0420096,1.9221034,2022/4/19 14:38
821,0.588399,-10.395049,2.2359162,2022/4/19 14:38
822,0.4314926,-10.5127288,1.9221034,2022/4/19 14:38
823,0.2745862,-10.1596894,1.8044236,2022/4/19 14:38
824,0.5099458,-10.1596894,1.8436502,2022/4/19 14:38
825,0.7453054,-10.4342756,1.6867438,2022/4/19 14:38
826,0.4707192,-10.2773692,2.1182364,2022/4/19 14:38
827,0.4314926,-10.4342756,1.9221034,2022/4/19 14:38
828,0.392266,-10.0420096,1.9221034,2022/4/19 14:38
829,0.9022118,-10.0420096,1.5298374,2022/4/19 14:38
830,0.4314926,-10.0812362,1.8436502,2022/4/19 14:38
831,0.6668522,-10.3558224,1.7259704,2022/4/19 14:38
832,0.7060788,-10.6696352,1.8044236,2022/4/19 14:38
833,0.5491724,-10.0812362,1.6867438,2022/4/19 14:38
834,0.6668522,-10.2773692,2.0397832,2022/4/19 14:38
835,0.4707192,-10.2773692,2.0005566,2022/4/19 14:38
836,0.4707192,-10.3165958,1.8044236,2022/4/19 14:38
837,0.0784532,-9.80665,1.9221034,2022/4/19 14:38
838,0.3530394,-9.7281968,1.96133,2022/4/19 14:38
839,1.0591182,-9.5712904,1.96133,2022/4/19 14:38
840,0.4707192,-10.3558224,1.8436502,2022/4/19 14:38
841,0.1176798,-11.0619012,2.353596,2022/4/19 14:38
842,0,-11.179581,2.0397832,2022/4/19 14:38
843,0.9022118,-10.1204628,1.765197,2022/4/19 14:38
844,0.4314926,-10.591182,2.1966896,2022/4/19 14:38
845,0.588399,-10.3558224,2.6674088,2022/4/19 14:38
846,0.6668522,-9.9635564,2.3143694,2022/4/19 14:38
847,0.7060788,-10.5127288,1.9221034,2022/4/19 14:38
848,0.5491724,-10.1596894,1.8436502,2022/4/19 14:38
849,0.1569064,-10.3165958,1.8436502,2022/4/19 14:38
850,0.588399,-10.198916,1.9221034,2022/4/19 14:38
851,0.6668522,-10.3558224,2.0005566,2022/4/19 14:38
852,0.4707192,-10.198916,1.9221034,2022/4/19 14:38
853,0.3530394,-10.3165958,1.8436502,2022/4/19 14:38
854,0.5491724,-10.198916,1.765197,2022/4/19 14:38
855,0.5491724,-10.4342756,1.8828768,2022/4/19 14:38
856,0.7060788,-10.2773692,1.9221034,2022/4/19 14:38
857,0.3530394,-10.1204628,1.8828768,2022/4/19 14:38
858,0.392266,-10.1204628,1.96133,2022/4/19 14:38
859,0.784532,-10.395049,1.8044236,2022/4/19 14:38
860,0.4314926,-10.002783,2.0790098,2022/4/19 14:38
861,0.4314926,-10.1596894,1.765197,2022/4/19 14:38
862,0.588399,-10.2773692,1.9221034,2022/4/19 14:38
863,0.588399,-10.3165958,1.7259704,2022/4/19 14:38
864,0.392266,-10.2773692,1.4906108,2022/4/19 14:38
865,0.4707192,-10.198916,2.0397832,2022/4/19 14:38
866,0.6668522,-10.0812362,1.9221034,2022/4/19 14:38
867,0.5491724,-10.2773692,1.6475172,2022/4/19 14:38
868,0.4314926,-10.002783,2.0790098,2022/4/19 14:38
869,0.3530394,-10.2773692,1.8828768,2022/4/19 14:38
870,0.7060788,-9.9243298,2.1182364,2022/4/19 14:39
871,0.4707192,-10.0812362,1.8044236,2022/4/19 14:39
872,0.3138128,-10.0812362,1.8044236,2022/4/19 14:39
873,0.5099458,-10.3558224,1.6475172,2022/4/19 14:39
874,0.8237586,-9.8458766,2.157463,2022/4/19 14:39
875,0.2353596,-10.6696352,1.569064,2022/4/19 14:39
876,0.2353596,-10.9442214,1.9221034,2022/4/19 14:39
877,0.6668522,-10.591182,2.157463,2022/4/19 14:39
878,0.392266,-9.5320638,2.2359162,2022/4/19 14:39
879,0.4707192,-9.9635564,2.0790098,2022/4/19 14:39
880,0.8629852,-10.395049,2.1182364,2022/4/19 14:39
881,0.8237586,-10.4735022,1.765197,2022/4/19 14:39
882,0.392266,-10.0420096,1.8436502,2022/4/19 14:39
883,0.5491724,-10.6696352,1.8044236,2022/4/19 14:39
884,0.8629852,-10.395049,1.8044236,2022/4/19 14:39
885,0.4314926,-10.0812362,2.1966896,2022/4/19 14:39
886,0.5491724,-10.0812362,1.8828768,2022/4/19 14:39
887,0.588399,-10.2773692,1.9221034,2022/4/19 14:39
888,0.4707192,-10.1596894,2.0005566,2022/4/19 14:39
889,0.392266,-10.4735022,1.96133,2022/4/19 14:39
890,0.4707192,-10.0812362,1.6475172,2022/4/19 14:39
891,0.588399,-10.5519554,1.5298374,2022/4/19 14:39
892,0.196133,-9.9635564,2.0790098,2022/4/19 14:39
893,0.588399,-10.1596894,1.7259704,2022/4/19 14:39
894,0.8629852,-10.591182,1.7259704,2022/4/19 14:39
895,0.3138128,-10.1204628,1.8828768,2022/4/19 14:39
896,0.6668522,-10.2773692,1.8044236,2022/4/19 14:39
897,0.588399,-10.6304086,2.0005566,2022/4/19 14:39
898,0.8237586,-10.5519554,1.9221034,2022/4/19 14:39
899,0.196133,-10.1596894,2.157463,2022/4/19 14:39
900,-0.0392266,-10.002783,2.2359162,2022/4/19 14:39
901,0.8629852,-10.395049,1.9221034,2022/4/19 14:39
902,0.5099458,-10.9442214,0.9022118,2022/4/19 14:39
903,0.3530394,-10.198916,1.4121576,2022/4/19 14:39
904,0.9414384,-10.0420096,1.9221034,2022/4/19 14:39
905,1.1375714,-10.0420096,1.5298374,2022/4/19 14:39
906,0.784532,-9.1005712,2.157463,2022/4/19 14:39
907,0.1176798,-10.198916,2.1966896,2022/4/19 14:39
908,0.6668522,-9.610517,2.0397832,2022/4/19 14:39
909,0.784532,-10.3165958,2.0397832,2022/4/19 14:39
910,0.4707192,-10.2773692,2.0005566,2022/4/19 14:39
911,0.2745862,-10.3558224,1.8828768,2022/4/19 14:39
912,0.2745862,-10.198916,2.1182364,2022/4/19 14:39
913,0.4707192,-10.2381426,1.8044236,2022/4/19 14:39
914,0.3530394,-10.5519554,1.9221034,2022/4/19 14:39
915,0.2745862,-10.1596894,2.1182364,2022/4/19 14:39
916,0.9414384,-9.7674234,1.8044236,2022/4/19 14:39
917,0.4314926,-10.4735022,1.9221034,2022/4/19 14:39
918,0.7060788,-10.002783,1.8828768,2022/4/19 14:39
919,0.4707192,-10.3558224,1.7259704,2022/4/19 14:39
920,0.784532,-10.3558224,1.8436502,2022/4/19 14:39
921,0.6276256,-10.2773692,1.96133,2022/4/19 14:39
922,0.392266,-10.1596894,1.8828768,2022/4/19 14:39
923,0.3530394,-10.1596894,2.0790098,2022/4/19 14:39
924,0.4707192,-10.1204628,1.8828768,2022/4/19 14:39
925,0.4314926,-10.4342756,1.6082906,2022/4/19 14:39
926,0.5491724,-10.395049,1.8828768,2022/4/19 14:39
927,0.5491724,-10.4342756,1.765197,2022/4/19 14:39
928,0.5491724,-10.6696352,1.7259704,2022/4/19 14:39
929,0.5491724,-10.4342756,1.9221034,2022/4/19 14:39
930,0.5099458,-10.3558224,2.1966896,2022/4/19 14:39
931,0.5491724,-10.7088618,1.8436502,2022/4/19 14:39
932,0.6276256,-10.2773692,1.8044236,2022/4/19 14:39
933,0.588399,-10.4735022,1.96133,2022/4/19 14:39
934,0.5099458,-10.3165958,2.2359162,2022/4/19 14:39
935,0.3530394,-10.2381426,2.157463,2022/4/19 14:39
936,0.392266,-10.2381426,1.8044236,2022/4/19 14:39
937,0.7453054,-10.3165958,2.3928226,2022/4/19 14:39
938,0.9022118,-10.1204628,2.157463,2022/4/19 14:39
939,0.4707192,-10.1204628,1.8436502,2022/4/19 14:39
940,0.6668522,-10.1596894,1.8828768,2022/4/19 14:39
941,0.392266,-9.80665,2.0005566,2022/4/19 14:39
942,0.3138128,-10.0812362,1.8436502,2022/4/19 14:39
943,0.7060788,-10.002783,2.1966896,2022/4/19 14:39
944,0.7453054,-9.9243298,1.8436502,2022/4/19 14:39
945,1.6475172,-10.3558224,2.0397832,2022/4/19 14:39
946,0.4707192,-10.4735022,2.5105024,2022/4/19 14:39
947,0.2353596,-10.5519554,1.6867438,2022/4/19 14:39
948,0.784532,-10.2381426,1.9221034,2022/4/19 14:39
949,0.3530394,-10.198916,1.8828768,2022/4/19 14:39
950,0.4314926,-10.1204628,1.8044236,2022/4/19 14:39
951,0.5099458,-10.6696352,1.9221034,2022/4/19 14:39
952,0.4707192,-10.2773692,1.8044236,2022/4/19 14:39
953,0.6276256,-10.0812362,1.7259704,2022/4/19 14:39
954,0.3138128,-10.2773692,1.96133,2022/4/19 14:39
955,0.6276256,-10.395049,1.6082906,2022/4/19 14:39
956,0.4707192,-10.2773692,2.0790098,2022/4/19 14:39
957,0.1176798,-10.395049,2.2751428,2022/4/19 14:39
958,0.0784532,-10.0420096,2.2751428,2022/4/19 14:39
959,0.9414384,-10.591182,1.8436502,2022/4/19 14:39
960,1.0198916,-10.7480884,1.765197,2022/4/19 14:39
961,0.2353596,-10.1596894,1.9221034,2022/4/19 14:39
962,0.5491724,-10.2381426,1.8436502,2022/4/19 14:39
963,0.588399,-10.2381426,1.569064,2022/4/19 14:39
964,0.5491724,-10.0812362,2.0397832,2022/4/19 14:39
965,0,-10.7480884,2.3928226,2022/4/19 14:39
966,0.4707192,-11.0226746,2.157463,2022/4/19 14:39
967,1.4121576,-9.8851032,1.4121576,2022/4/19 14:39
968,1.4513842,-8.8652116,2.0005566,2022/4/19 14:39
969,0.0784532,-9.6497436,2.353596,2022/4/19 14:39
970,0.392266,-10.3165958,1.8828768,2022/4/19 14:39
971,0.7060788,-10.0812362,1.4906108,2022/4/19 14:39
972,0.392266,-10.1596894,2.3928226,2022/4/19 14:39
973,0.4707192,-10.0420096,1.8828768,2022/4/19 14:39
974,0.3530394,-10.1204628,1.9221034,2022/4/19 14:39
975,0.3530394,-10.4735022,1.8436502,2022/4/19 14:39
976,0.588399,-10.3558224,1.8044236,2022/4/19 14:39
977,0.4314926,-10.1204628,1.8044236,2022/4/19 14:39
978,0.4314926,-10.0812362,1.8828768,2022/4/19 14:39
979,0.8237586,-10.4342756,1.8828768,2022/4/19 14:39
980,0.4707192,-10.1204628,2.0005566,2022/4/19 14:39
981,0.196133,-10.2381426,1.96133,2022/4/19 14:39
982,0.4314926,-10.1596894,1.9221034,2022/4/19 14:39
983,0.7453054,-10.3165958,1.96133,2022/4/19 14:39
984,0.4314926,-10.3165958,1.8828768,2022/4/19 14:39
985,0.4314926,-10.1596894,1.9221034,2022/4/19 14:39
986,0.4707192,-10.1204628,1.8828768,2022/4/19 14:39
987,0.5491724,-10.3558224,1.9221034,2022/4/19 14:39
988,0.5491724,-10.4735022,1.8044236,2022/4/19 14:39
989,0.5099458,-10.0812362,1.8436502,2022/4/19 14:39
990,0.6276256,-10.5127288,1.569064,2022/4/19 14:39
991,0.5099458,-10.3165958,1.9221034,2022/4/19 14:39
992,0.5099458,-10.1596894,2.157463,2022/4/19 14:39
993,0.5099458,-10.2773692,2.0397832,2022/4/19 14:39
994,0.3138128,-10.2381426,1.8436502,2022/4/19 14:39
995,0.5491724,-10.4735022,1.6475172,2022/4/19 14:39
996,0.4707192,-10.4342756,2.1182364,2022/4/19 14:39
997,0.4707192,-10.0812362,2.157463,2022/4/19 14:39
998,0.3530394,-10.4735022,1.9221034,2022/4/19 14:39
999,0.6276256,-10.6696352,2.0005566,2022/4/19 14:39
1000,0.5491724,-10.2381426,1.8436502,2022/4/19 14:39
1001,0.588399,-10.198916,1.4906108,2022/4/19 14:39
1002,0.588399,-10.2381426,1.8828768,2022/4/19 14:39
1003,0.4707192,-10.1204628,1.8044236,2022/4/19 14:39
1004,0.0784532,-10.5519554,1.8828768,2022/4/19 14:39
1005,0.6668522,-9.8458766,2.0790098,2022/4/19 14:39
1006,0.784532,-10.1596894,1.6867438,2022/4/19 14:39
1007,0.196133,-10.1596894,1.765197,2022/4/19 14:39
1008,-0.1176798,-10.4735022,1.9221034,2022/4/19 14:39
1009,0.6276256,-10.4342756,1.96133,2022/4/19 14:39
1010,0.980665,-10.2381426,1.8828768,2022/4/19 14:39
1011,0.588399,-10.002783,2.0005566,2022/4/19 14:39
1012,0.5099458,-9.8851032,2.0790098,2022/4/19 14:39
1013,0.6276256,-10.5519554,1.96133,2022/4/19 14:39
1014,0.5099458,-10.2773692,1.96133,2022/4/19 14:39
1015,0.6668522,-10.3165958,1.8436502,2022/4/19 14:39
1016,0.5491724,-10.0812362,2.0005566,2022/4/19 14:39
1017,0.4707192,-9.9243298,1.8828768,2022/4/19 14:39
1018,0.6276256,-10.2381426,1.7259704,2022/4/19 14:39
1019,0.2353596,-10.5127288,2.157463,2022/4/19 14:39
1020,0.3138128,-10.6304086,1.8828768,2022/4/19 14:39
1021,0.5491724,-10.2381426,1.6475172,2022/4/19 14:39
1022,0.784532,-10.3558224,1.8436502,2022/4/19 14:39
1023,0.1176798,-10.4342756,2.2359162,2022/4/19 14:39
1024,0.0392266,-10.591182,2.0790098,2022/4/19 14:39
1025,0.3138128,-10.198916,2.0005566,2022/4/19 14:39
1026,1.6867438,-9.8851032,2.0397832,2022/4/19 14:39
1027,0.3530394,-10.002783,1.8044236,2022/4/19 14:39
1028,0.2745862,-10.7088618,2.0005566,2022/4/19 14:39
1029,1.1375714,-9.9243298,1.4513842,2022/4/19 14:39
1030,1.765197,-8.825985,2.2359162,2022/4/19 14:39
1031,0.0784532,-9.80665,2.4320492,2022/4/19 14:39
1032,0.392266,-10.3165958,1.96133,2022/4/19 14:39
1033,1.0198916,-10.0812362,1.4513842,2022/4/19 14:39
1034,0.784532,-9.2967042,1.2160246,2022/4/19 14:39
1035,-0.1569064,-10.7480884,1.4121576,2022/4/19 14:39
1036,0.392266,-10.9442214,1.7259704,2022/4/19 14:39
1037,0.7453054,-10.4735022,1.7259704,2022/4/19 14:39
1038,0.5099458,-10.1204628,1.9221034,2022/4/19 14:39
1039,0.4707192,-10.0812362,1.8828768,2022/4/19 14:39
1040,0.6668522,-10.395049,2.0790098,2022/4/19 14:39
1041,0.8629852,-10.3558224,1.9221034,2022/4/19 14:39
1042,0.588399,-10.1596894,1.9221034,2022/4/19 14:39
1043,0.196133,-10.1596894,1.8828768,2022/4/19 14:39
1044,0.5491724,-10.6696352,2.0790098,2022/4/19 14:39
1045,0.784532,-10.2381426,1.8828768,2022/4/19 14:39
1046,0.5099458,-10.3165958,1.7259704,2022/4/19 14:39
1047,0.588399,-10.1596894,2.0005566,2022/4/19 14:39
1048,0.5491724,-10.2381426,2.0005566,2022/4/19 14:39
1049,0.4314926,-10.3165958,1.96133,2022/4/19 14:39
1050,0.392266,-10.591182,2.0005566,2022/4/19 14:39
1051,0.4314926,-10.0420096,2.157463,2022/4/19 14:39
1052,0.784532,-10.1596894,2.0397832,2022/4/19 14:39
1053,0.3530394,-10.198916,2.0397832,2022/4/19 14:39
1054,0.5099458,-10.591182,2.2359162,2022/4/19 14:39
1055,0.588399,-10.4735022,1.5298374,2022/4/19 14:39
1056,0.5099458,-10.198916,1.6867438,2022/4/19 14:39
1057,0.6668522,-10.198916,1.6867438,2022/4/19 14:39
1058,0.4314926,-10.4735022,2.0790098,2022/4/19 14:39
1059,0.7453054,-10.395049,1.8828768,2022/4/19 14:39
1060,0.6276256,-10.1596894,1.7259704,2022/4/19 14:39
1061,0.4314926,-10.0812362,1.96133,2022/4/19 14:39
1062,0.6276256,-10.9049948,1.6475172,2022/4/19 14:39
1063,0.196133,-9.80665,2.1966896,2022/4/19 14:39
1064,0.6276256,-10.1204628,2.0790098,2022/4/19 14:39
1065,1.372931,-10.0812362,1.7259704,2022/4/19 14:39
1066,0.5099458,-10.0812362,1.4906108,2022/4/19 14:39
1067,0.588399,-10.395049,1.6867438,2022/4/19 14:39
1068,0.392266,-10.1204628,1.8828768,2022/4/19 14:39
1069,0.5099458,-9.4928372,1.7259704,2022/4/19 14:39
1070,0.392266,-9.5712904,2.0005566,2022/4/19 14:39
1071,0.7060788,-10.2381426,1.8044236,2022/4/19 14:39
1072,0.7453054,-10.2773692,1.7259704,2022/4/19 14:39
1073,0.5491724,-10.3558224,1.7259704,2022/4/19 14:39
1074,0.392266,-10.002783,1.96133,2022/4/19 14:39
1075,0.9022118,-10.6304086,2.0397832,2022/4/19 14:39
1076,0.8629852,-10.591182,1.8436502,2022/4/19 14:39
1077,0.392266,-10.002783,2.0005566,2022/4/19 14:39
1078,0.7453054,-10.1204628,1.765197,2022/4/19 14:39
1079,0.4707192,-10.6696352,1.9221034,2022/4/19 14:39
1080,0.5491724,-10.0420096,1.9221034,2022/4/19 14:39
1081,0.392266,-10.395049,2.0397832,2022/4/19 14:39
1082,0.4707192,-10.1204628,2.0397832,2022/4/19 14:39
1083,0.5491724,-10.2773692,1.7259704,2022/4/19 14:39
1084,0.5099458,-9.8851032,2.1182364,2022/4/19 14:39
1085,0.1176798,-10.5519554,2.0790098,2022/4/19 14:39
1086,0.1176798,-10.3165958,2.2359162,2022/4/19 14:39
1087,0.8629852,-9.9243298,2.0005566,2022/4/19 14:39
1088,0.5491724,-10.4342756,1.6867438,2022/4/19 14:39
1089,0.0392266,-10.8265416,2.1182364,2022/4/19 14:39
1090,0.8237586,-9.9243298,2.0790098,2022/4/19 14:39
1091,0.588399,-10.4342756,1.4906108,2022/4/19 14:39
1092,0.980665,-9.1790244,2.1966896,2022/4/19 14:39
1093,0.3530394,-10.2381426,2.1966896,2022/4/19 14:39
1094,0.588399,-10.2381426,1.96133,2022/4/19 14:39
1095,1.0983448,-10.0812362,1.3337044,2022/4/19 14:39
1096,0.588399,-10.0812362,1.3337044,2022/4/19 14:39
1097,0.0392266,-10.3558224,2.1966896,2022/4/19 14:39
1098,0.9022118,-10.4342756,1.9221034,2022/4/19 14:39
1099,0.3138128,-10.2381426,1.8436502,2022/4/19 15:07
1100,0.392266,-10.3165958,1.96133,2022/4/19 15:07
1101,0.392266,-10.1596894,1.8436502,2022/4/19 15:07
1102,0.392266,-10.0812362,2.0005566,2022/4/19 15:07
1103,0.4314926,-10.4342756,2.0790098,2022/4/19 15:07
1104,0.5491724,-10.3558224,1.8436502,2022/4/19 15:07
1105,0.5099458,-10.3165958,1.96133,2022/4/19 15:07
1106,0.6276256,-10.0812362,1.96133,2022/4/19 15:07
1107,0.5099458,-10.1596894,2.0790098,2022/4/19 15:07
1108,0.3530394,-10.3165958,1.7259704,2022/4/19 15:07
1109,0.6276256,-10.2773692,1.6475172,2022/4/19 15:07
1110,0.6276256,-10.0420096,1.8044236,2022/4/19 15:07
1111,0.6276256,-10.0812362,2.0790098,2022/4/19 15:07
1112,0.4707192,-9.5712904,2.0005566,2022/4/19 15:07
1113,0.6276256,-10.2773692,1.96133,2022/4/19 15:07
1114,0.9414384,-10.7088618,2.0397832,2022/4/19 15:07
1115,0.4314926,-10.4735022,1.8436502,2022/4/19 15:07
1116,0.1176798,-10.983448,1.6475172,2022/4/19 15:07
1117,0.6276256,-10.6304086,1.9221034,2022/4/19 15:08
1118,1.372931,-10.395049,2.2751428,2022/4/19 15:08
1119,0.6276256,-10.591182,1.96133,2022/4/19 15:08
1120,0.5099458,-10.0812362,2.157463,2022/4/19 15:08
1121,0.588399,-10.3558224,1.9221034,2022/4/19 15:08
1122,0.7453054,-10.5519554,1.9221034,2022/4/19 15:08
1123,0.8629852,-9.7674234,1.9221034,2022/4/19 15:08
1124,0.4314926,-10.395049,1.765197,2022/4/19 15:08
1125,0.3530394,-10.2773692,1.96133,2022/4/19 15:08
1126,0.392266,-10.5519554,2.1182364,2022/4/19 15:08
1127,0.3138128,-10.2381426,1.9221034,2022/4/19 15:08
1128,0.7453054,-10.4342756,1.765197,2022/4/19 15:08
1129,0.3530394,-10.7480884,2.0397832,2022/4/19 15:08
1130,0.2745862,-10.0812362,2.2751428,2022/4/19 15:08
1131,0.4707192,-10.2381426,1.8044236,2022/4/19 15:08
1132,0.4314926,-10.3558224,1.9221034,2022/4/19 15:08
1133,0.4314926,-10.2381426,1.8044236,2022/4/19 15:08
1134,0.784532,-10.1596894,2.2751428,2022/4/19 15:08
1135,0.392266,-10.1596894,2.0397832,2022/4/19 15:08
1136,0.5491724,-9.7281968,1.8436502,2022/4/19 15:08
1137,0.588399,-9.9635564,1.6867438,2022/4/19 15:08
1138,0.6276256,-10.2381426,2.157463,2022/4/19 15:08
1139,0.5491724,-9.80665,1.96133,2022/4/19 15:08
1140,0.2745862,-10.4735022,2.1182364,2022/4/19 15:08
1141,0.5099458,-10.6696352,1.9221034,2022/4/19 15:08
1142,0.8237586,-9.9635564,2.0005566,2022/4/19 15:08
1143,-0.0392266,-11.0226746,1.765197,2022/4/19 15:08
1144,0.8629852,-10.002783,1.96133,2022/4/19 15:08
1145,1.1375714,-9.6497436,1.6082906,2022/4/19 15:08
1146,0.4707192,-10.0420096,1.4121576,2022/4/19 15:08
1147,0.1569064,-10.6304086,1.569064,2022/4/19 15:08
1148,0.7453054,-10.4735022,1.569064,2022/4/19 15:08
1149,0.4314926,-10.198916,2.0397832,2022/4/19 15:08
1150,0.5099458,-10.1596894,1.8436502,2022/4/19 15:08
1151,0.392266,-10.3165958,1.96133,2022/4/19 15:08
1152,0.7453054,-10.591182,1.765197,2022/4/19 15:08
1153,0.6276256,-10.1596894,2.1182364,2022/4/19 15:08
1154,0.0392266,-10.1204628,2.1182364,2022/4/19 15:08
1155,0.7060788,-10.4735022,1.8436502,2022/4/19 15:08
1156,0.8629852,-10.4342756,1.8436502,2022/4/19 15:08
1157,0.588399,-10.1204628,2.0005566,2022/4/19 15:08
1158,0.4707192,-10.1596894,1.8436502,2022/4/19 15:08
1159,0.4314926,-10.5127288,1.765197,2022/4/19 15:08
1160,0.7453054,-10.395049,1.9221034,2022/4/19 15:08
1161,0.5491724,-10.395049,2.0790098,2022/4/19 15:08
1162,0.3138128,-10.2381426,2.0005566,2022/4/19 15:08
1163,0.392266,-10.0420096,1.8436502,2022/4/19 15:08
1164,0.6276256,-10.395049,1.7259704,2022/4/19 15:08
1165,0.4314926,-10.3165958,2.157463,2022/4/19 15:08
1166,0.588399,-10.1204628,2.0397832,2022/4/19 15:08
1167,0.784532,-10.1596894,1.8044236,2022/4/19 15:08
1168,0.6668522,-10.2381426,1.6475172,2022/4/19 15:08
1169,0.588399,-10.0420096,2.0005566,2022/4/19 15:08
1170,0.6276256,-10.4735022,1.96133,2022/4/19 15:08
1171,0.588399,-10.002783,1.7259704,2022/4/19 15:08
1172,0.588399,-10.0812362,1.7259704,2022/4/19 15:08
1173,0.5491724,-10.395049,2.3143694,2022/4/19 15:08
1174,0.4314926,-10.3165958,1.9221034,2022/4/19 15:08
1175,0.7453054,-10.198916,1.8044236,2022/4/19 15:08
1176,0.7453054,-10.0812362,1.9221034,2022/4/19 15:08
1177,0.392266,-10.787315,1.765197,2022/4/19 15:08
1178,0.9022118,-10.0420096,2.0397832,2022/4/19 15:08
1179,0.7453054,-10.0812362,1.765197,2022/4/19 15:08
1180,0.4707192,-10.1204628,1.8436502,2022/4/19 15:08
1181,1.0591182,-10.5127288,2.0005566,2022/4/19 15:08
1182,0.3138128,-10.6304086,2.0397832,2022/4/19 15:08
1183,0.2745862,-10.4342756,2.353596,2022/4/19 15:08
1184,0.5099458,-9.8851032,2.1182364,2022/4/19 15:08
1185,0.4314926,-10.2381426,1.8828768,2022/4/19 15:08
1186,0.588399,-10.5127288,1.5298374,2022/4/19 15:08
1187,0.2745862,-10.002783,2.0397832,2022/4/19 15:08
1188,0.5491724,-10.3558224,2.0005566,2022/4/19 15:08
1189,0.5491724,-9.9635564,1.765197,2022/4/19 15:08
1190,0.588399,-10.1596894,1.8436502,2022/4/19 15:08
1191,0.4314926,-10.3558224,2.0397832,2022/4/19 15:08
1192,0.5491724,-10.4342756,2.1182364,2022/4/19 15:08
1193,0.6276256,-10.3558224,2.0397832,2022/4/19 15:08
1194,0.3138128,-10.591182,1.96133,2022/4/19 15:08
1195,0.3530394,-10.1204628,1.8828768,2022/4/19 15:08
1196,0.3138128,-10.2773692,1.8828768,2022/4/19 15:08
1197,0.4314926,-10.2381426,1.7259704,2022/4/19 15:08
1198,0.4314926,-10.5519554,1.765197,2022/4/19 15:08
1199,0.5491724,-9.9635564,2.353596,2022/4/19 15:08
1200,0.8629852,-10.2773692,1.6867438,2022/4/19 15:08
1201,0.5491724,-10.4735022,2.157463,2022/4/19 15:08
1202,0.4707192,-10.8265416,1.8436502,2022/4/19 15:08
1203,0.588399,-10.5519554,2.1966896,2022/4/19 15:08
1204,0.0784532,-10.983448,1.8828768,2022/4/19 15:08
1205,0.6276256,-10.1596894,2.0397832,2022/4/19 15:08
1206,0.7060788,-11.0226746,1.3337044,2022/4/19 15:08
1207,0.588399,-10.2381426,1.6475172,2022/4/19 15:08
1208,0.196133,-10.5519554,1.5298374,2022/4/19 15:08
1209,0.6276256,-10.3165958,1.6475172,2022/4/19 15:08
1210,0.588399,-10.2381426,2.0397832,2022/4/19 15:08
1211,0.5491724,-10.0420096,1.8828768,2022/4/19 15:08
1212,0.0392266,-10.1596894,2.1182364,2022/4/19 15:08
1213,0.7060788,-10.0812362,1.96133,2022/4/19 15:08
1214,0.980665,-9.9635564,2.0397832,2022/4/19 15:08
1215,0.3138128,-10.0420096,2.1182364,2022/4/19 15:08
1216,0.2353596,-10.4342756,2.1966896,2022/4/19 15:08
1217,0.588399,-10.2381426,2.0397832,2022/4/19 15:08
1218,0.4314926,-10.2381426,1.8828768,2022/4/19 15:08
1219,0.6276256,-10.0420096,1.8044236,2022/4/19 15:08
1220,0.588399,-10.0812362,1.96133,2022/4/19 15:08
1221,0.5491724,-10.0812362,1.9221034,2022/4/19 15:08
1222,0.392266,-10.2773692,1.8044236,2022/4/19 15:08
1223,0.5491724,-10.2773692,2.0005566,2022/4/19 15:08
1224,0.3530394,-10.0812362,1.8044236,2022/4/19 15:08
1225,0.5491724,-10.198916,1.8436502,2022/4/19 15:08
1226,0.4314926,-10.3165958,2.0397832,2022/4/19 15:08
1227,0.2745862,-10.0812362,1.9221034,2022/4/19 15:08
1228,0.5491724,-10.198916,1.6867438,2022/4/19 15:08
1229,0.4314926,-10.395049,1.8044236,2022/4/19 15:08
1230,0.2745862,-10.2773692,2.2751428,2022/4/19 15:08
1231,0.392266,-10.0420096,2.157463,2022/4/19 15:08
1232,0.4314926,-10.395049,1.8828768,2022/4/19 15:08
1233,0.6668522,-9.9243298,1.8436502,2022/4/19 15:08
1234,0.8237586,-10.0420096,2.1966896,2022/4/19 15:08
1235,0.588399,-10.198916,1.765197,2022/4/19 15:08
1236,0.2745862,-10.002783,2.0005566,2022/4/19 15:08
1237,0.9414384,-9.7281968,1.9221034,2022/4/19 15:08
1238,0.196133,-10.3558224,1.6867438,2022/4/19 15:08
1239,0.5099458,-11.179581,1.8044236,2022/4/19 15:08
1240,0.5099458,-10.1204628,1.7259704,2022/4/19 15:08
1241,0.392266,-10.1204628,2.0790098,2022/4/19 15:08
1242,0.5099458,-10.3165958,2.157463,2022/4/19 15:08
1243,-0.0392266,-10.198916,1.8436502,2022/4/19 15:08
1244,0.5491724,-10.1204628,1.9221034,2022/4/19 15:08
1245,0.588399,-10.4342756,1.96133,2022/4/19 15:08
1246,0.4707192,-9.9243298,1.8044236,2022/4/19 15:08
1247,0.7060788,-10.2773692,1.8044236,2022/4/19 15:08
1248,0.392266,-10.3165958,1.9221034,2022/4/19 15:08
1249,0.4314926,-10.4342756,2.1966896,2022/4/19 15:08
1250,0.3138128,-10.3165958,1.765197,2022/4/19 15:08
1251,0.5491724,-10.0420096,1.5298374,2022/4/19 15:08
1252,0.980665,-9.8458766,1.6082906,2022/4/19 15:08
1253,0.3530394,-10.0420096,2.0005566,2022/4/19 15:08
1254,0.5099458,-10.2381426,1.8044236,2022/4/19 15:08
1255,0.5491724,-10.3165958,1.7259704,2022/4/19 15:08
1256,0.4314926,-10.2773692,1.96133,2022/4/19 15:08
1257,0.196133,-10.2381426,1.9221034,2022/4/19 15:08
1258,0.196133,-10.2773692,1.9221034,2022/4/19 15:08
1259,0.4314926,-10.2773692,1.7259704,2022/4/19 15:08
1260,0.5099458,-10.1596894,1.7259704,2022/4/19 15:08
1261,0.588399,-9.9243298,2.5889556,2022/4/19 15:08
1262,0.6668522,-9.9243298,1.765197,2022/4/19 15:08
1263,0.4707192,-10.395049,2.0397832,2022/4/19 15:08
1264,0.196133,-10.7088618,2.4320492,2022/4/19 15:08
1265,0.0392266,-11.571847,1.8828768,2022/4/19 15:08
1266,0.5099458,-9.8851032,1.8436502,2022/4/19 15:08
1267,0.392266,-10.3165958,2.1966896,2022/4/19 15:08
1268,0.2353596,-10.8657682,1.569064,2022/4/19 15:08
1269,0.8629852,-9.9635564,2.0397832,2022/4/19 15:08
1270,0.4314926,-10.4342756,1.176798,2022/4/19 15:08
1271,0.6276256,-10.1204628,2.0397832,2022/4/19 15:08
1272,0.1176798,-10.395049,1.8828768,2022/4/19 15:08
1273,0.4314926,-10.198916,1.96133,2022/4/19 15:08
1274,0.8629852,-10.2381426,1.8828768,2022/4/19 15:08
1275,0.588399,-10.0420096,1.96133,2022/4/19 15:08
1276,0.784532,-10.002783,1.6867438,2022/4/19 15:08
1277,0.3138128,-10.1596894,1.7259704,2022/4/19 15:08
1278,0.5099458,-10.3558224,2.0397832,2022/4/19 15:08
1279,0.9414384,-10.3558224,1.8828768,2022/4/19 15:08
1280,0.7060788,-10.1204628,1.8436502,2022/4/19 15:08
1281,0.588399,-10.1204628,2.0397832,2022/4/19 15:08
1282,0.5099458,-10.1204628,1.96133,2022/4/19 15:08
1283,0.5099458,-10.2773692,1.96133,2022/4/19 15:08
1284,0.5099458,-10.198916,1.96133,2022/4/19 15:08
1285,0.6668522,-10.5127288,1.8828768,2022/4/19 15:08
1286,0.196133,-10.1596894,1.7259704,2022/4/19 15:08
1287,0.588399,-10.1204628,1.569064,2022/4/19 15:08
1288,0.7060788,-10.002783,2.2359162,2022/4/19 15:08
1289,0.4707192,-10.395049,1.7259704,2022/4/19 15:08
1290,0.4314926,-10.198916,1.6475172,2022/4/19 15:08
1291,0.5099458,-10.0812362,1.6475172,2022/4/19 15:08
1292,0.5491724,-10.198916,2.0790098,2022/4/19 15:08
1293,0.8237586,-9.9635564,1.96133,2022/4/19 15:08
1294,0.4707192,-10.3165958,1.9221034,2022/4/19 15:08
1295,0.392266,-10.3165958,1.8044236,2022/4/19 15:08
1296,0.4707192,-10.1204628,1.8828768,2022/4/19 15:08
1297,0.4707192,-10.5127288,1.5298374,2022/4/19 15:08
1298,0.588399,-10.2381426,2.0790098,2022/4/19 15:08
1299,0.2353596,-10.983448,1.8044236,2022/4/19 15:08
1300,0.4707192,-9.2967042,2.0397832,2022/4/19 15:08
1301,0.9414384,-10.002783,1.9221034,2022/4/19 15:08
1302,0.4707192,-10.395049,1.4121576,2022/4/19 15:08
1303,-0.1569064,-10.7480884,1.9221034,2022/4/19 15:08
1304,0.392266,-10.2381426,2.1966896,2022/4/19 15:08
1305,0.5491724,-9.6497436,1.765197,2022/4/19 15:08
1306,0.196133,-10.9049948,1.8044236,2022/4/19 15:08
1307,-0.0392266,-10.4735022,2.0790098,2022/4/19 15:08
1308,0.6276256,-10.1204628,1.96133,2022/4/19 15:08
1309,0.6668522,-10.3165958,1.8828768,2022/4/19 15:08
1310,0.5491724,-10.0420096,1.8828768,2022/4/19 15:08
1311,0.4314926,-10.0812362,1.96133,2022/4/19 15:08
1312,0.4707192,-10.3165958,2.0005566,2022/4/19 15:08
1313,0.392266,-10.395049,1.9221034,2022/4/19 15:08
1314,0.5099458,-9.9635564,2.0790098,2022/4/19 15:08
1315,0.4314926,-9.9635564,2.0397832,2022/4/19 15:08
1316,0.588399,-10.591182,1.9221034,2022/4/19 15:08
1317,0.784532,-10.2381426,1.7259704,2022/4/19 15:08
1318,0.4707192,-10.3165958,2.2359162,2022/4/19 15:08
1319,0.2353596,-10.591182,1.8436502,2022/4/19 15:08
1320,0.4707192,-10.0812362,1.5298374,2022/4/19 15:08
1321,0.980665,-10.3165958,1.6082906,2022/4/19 15:08
1322,0.3530394,-10.1204628,1.96133,2022/4/19 15:08
1323,0.196133,-10.591182,2.0397832,2022/4/19 15:08
1324,0.6668522,-9.7281968,2.0005566,2022/4/19 15:08
1325,0.2353596,-9.9635564,2.0005566,2022/4/19 15:08
1326,0.0784532,-10.6304086,1.8828768,2022/4/19 15:08
1327,0.7060788,-10.1596894,2.353596,2022/4/19 15:08
1328,1.372931,-10.002783,1.6082906,2022/4/19 15:08
1329,1.4906108,-9.1397978,1.8436502,2022/4/19 15:08
1330,0.3530394,-10.0420096,1.4906108,2022/4/19 15:08
1331,0.5491724,-10.8265416,2.4320492,2022/4/19 15:08
1332,1.3337044,-10.0812362,1.3337044,2022/4/19 15:08
1333,0.8237586,-9.8851032,1.8044236,2022/4/19 15:08
1334,0.6668522,-10.002783,1.6082906,2022/4/19 15:08
1335,0.7453054,-10.1204628,2.0005566,2022/4/19 15:08
1336,0.6276256,-10.198916,1.6867438,2022/4/19 15:08
1337,0.7060788,-10.0812362,1.8436502,2022/4/19 15:08
1338,0.2353596,-10.1596894,1.6475172,2022/4/19 15:08
1339,0.5491724,-10.3558224,1.9221034,2022/4/19 15:08
1340,0.7453054,-10.2381426,1.8828768,2022/4/19 15:08
1341,0.5491724,-10.1596894,1.8044236,2022/4/19 15:08
1342,0.5491724,-10.1204628,1.8828768,2022/4/19 15:08
1343,0.9414384,-10.3165958,1.8436502,2022/4/19 15:08
1344,0.3530394,-10.6696352,1.765197,2022/4/19 15:08
1345,0.392266,-10.6304086,1.569064,2022/4/19 15:08
1346,0.6276256,-10.2773692,2.0005566,2022/4/19 15:08
1347,0.2745862,-10.2381426,1.8044236,2022/4/19 15:08
1348,0.4707192,-9.9635564,1.6082906,2022/4/19 15:08
1349,0.6668522,-10.198916,2.0790098,2022/4/19 15:08
1350,0.5491724,-10.591182,1.8436502,2022/4/19 15:08
1351,0.6276256,-10.002783,1.8436502,2022/4/19 15:08
1352,0.4314926,-10.0420096,2.0005566,2022/4/19 15:08
1353,0.4707192,-10.0812362,2.0005566,2022/4/19 15:08
1354,0.6276256,-10.395049,1.9221034,2022/4/19 15:08
1355,0.6668522,-10.395049,1.9221034,2022/4/19 15:08
1356,0.4707192,-10.3558224,1.6475172,2022/4/19 15:08
1357,0.5491724,-10.0420096,2.0397832,2022/4/19 15:08
1358,0.588399,-10.0812362,2.1182364,2022/4/19 15:08
1359,0.588399,-9.8851032,1.8044236,2022/4/19 15:08
1360,0.588399,-9.8458766,2.0397832,2022/4/19 15:08
1361,0.6668522,-9.6889702,1.8044236,2022/4/19 15:08
1362,0.7060788,-10.0812362,1.9221034,2022/4/19 15:08
1363,0.1569064,-10.2381426,1.9221034,2022/4/19 15:08
1364,0,-10.6696352,1.9221034,2022/4/19 15:08
1365,0.4707192,-10.1596894,2.2359162,2022/4/19 15:08
1366,0.588399,-9.7281968,1.8044236,2022/4/19 15:08
1367,0.3138128,-9.9635564,2.0790098,2022/4/19 15:08
1368,0.6276256,-9.80665,2.4320492,2022/4/19 15:08
1369,0.5099458,-10.395049,1.765197,2022/4/19 15:08
1370,0.6668522,-10.4735022,1.7259704,2022/4/19 15:08
1371,0.5491724,-10.395049,1.765197,2022/4/19 15:08
1372,0.0392266,-10.4342756,2.157463,2022/4/19 15:08
1373,0.7060788,-10.5127288,2.0790098,2022/4/19 15:08
1374,0.6668522,-10.2381426,2.0005566,2022/4/19 15:08
1375,0.4707192,-10.1596894,2.0005566,2022/4/19 15:08
1376,0.392266,-10.1204628,2.0005566,2022/4/19 15:08
1377,0.6276256,-10.002783,1.9221034,2022/4/19 15:08
1378,0.980665,-10.6696352,1.6475172,2022/4/19 15:08
1379,0.392266,-10.0420096,2.0005566,2022/4/19 15:08
1380,0.392266,-10.3558224,1.9221034,2022/4/19 15:08
1381,0.7060788,-10.2773692,1.7259704,2022/4/19 15:08
1382,0.9022118,-10.4342756,1.6475172,2022/4/19 15:08
1383,0.2745862,-10.0812362,2.3143694,2022/4/19 15:08
1384,0.5099458,-10.1596894,2.0005566,2022/4/19 15:08
1385,-0.0392266,-10.787315,1.8436502,2022/4/19 15:08
1386,0.5099458,-10.1204628,1.8044236,2022/4/19 15:08
1387,-0.1569064,-10.4735022,2.4320492,2022/4/19 15:08
1388,0.392266,-10.3165958,2.0005566,2022/4/19 15:08
1389,1.4513842,-9.9635564,1.6867438,2022/4/19 15:08
1390,1.372931,-8.9044382,2.1182364,2022/4/19 15:08
1391,0,-9.9635564,2.0005566,2022/4/19 15:08
1392,0.6668522,-9.2967042,2.2359162,2022/4/19 15:08
1393,0.7060788,-10.198916,1.5298374,2022/4/19 15:08
1394,0.4314926,-10.5127288,1.0591182,2022/4/19 15:08
1395,-0.0392266,-9.9635564,2.0397832,2022/4/19 15:08
1396,0.5491724,-10.6696352,1.765197,2022/4/19 15:08
1397,0.6276256,-10.3558224,1.765197,2022/4/19 15:08
1398,0.4314926,-10.1596894,1.8044236,2022/4/19 15:08
1399,0.3138128,-10.0420096,1.96133,2022/4/19 15:08
1400,0.5099458,-9.8458766,2.1966896,2022/4/19 15:08
1401,0.588399,-10.198916,1.9221034,2022/4/19 15:08
1402,0.4314926,-10.3558224,2.0397832,2022/4/19 15:08
1403,0.4314926,-10.1596894,1.8044236,2022/4/19 15:08
1404,0.1176798,-10.198916,2.0005566,2022/4/19 15:08
1405,0.588399,-10.2381426,2.0397832,2022/4/19 15:08
1406,0.2745862,-10.591182,1.765197,2022/4/19 15:08
1407,0.588399,-10.2381426,1.9221034,2022/4/19 15:08
1408,0.7060788,-10.395049,1.765197,2022/4/19 15:08
1409,0.7060788,-10.0812362,1.765197,2022/4/19 15:08
1410,0.588399,-10.2773692,2.1182364,2022/4/19 15:08
1411,0.5491724,-10.2773692,1.8436502,2022/4/19 15:08
1412,0.4314926,-10.4735022,1.765197,2022/4/19 15:08
1413,0.784532,-10.3558224,1.8436502,2022/4/19 15:08
1414,0.4314926,-10.5519554,2.1182364,2022/4/19 15:08
1415,0.392266,-10.2381426,1.9221034,2022/4/19 15:08
1416,0.4707192,-10.1204628,1.765197,2022/4/19 15:08
1417,0.3530394,-10.198916,1.6082906,2022/4/19 15:08
1418,0.6276256,-10.0812362,2.0005566,2022/4/19 15:08
1419,0.1569064,-10.198916,1.9221034,2022/4/19 15:08
1420,0.6276256,-10.1204628,1.6867438,2022/4/19 15:08
1421,0.6668522,-10.0420096,1.96133,2022/4/19 15:08
1422,0.9022118,-10.8657682,1.6475172,2022/4/19 15:08
1423,0.196133,-9.8458766,2.0397832,2022/4/19 15:08
1424,0.5491724,-10.395049,1.96133,2022/4/19 15:08
1425,0.0392266,-11.1403544,1.8044236,2022/4/19 15:08
1426,0.5491724,-10.6696352,2.0005566,2022/4/19 15:08
1427,0.392266,-11.375714,1.8436502,2022/4/19 15:08
1428,0.784532,-10.5127288,1.96133,2022/4/19 15:08
1429,0.4314926,-10.2773692,2.3143694,2022/4/19 15:08
1430,0.6276256,-10.8265416,1.6082906,2022/4/19 15:08
1431,0.4707192,-10.0812362,1.6867438,2022/4/19 15:08
1432,0.4707192,-10.591182,1.8828768,2022/4/19 15:08
1433,0.588399,-10.1204628,2.157463,2022/4/19 15:08
1434,0.2353596,-10.2381426,2.157463,2022/4/19 15:08
1435,0.7453054,-10.2381426,1.6082906,2022/4/19 15:08
1436,0.9022118,-10.7480884,1.8436502,2022/4/19 15:08
1437,0.196133,-10.1204628,2.2751428,2022/4/19 15:08
1438,0.392266,-9.9635564,2.1182364,2022/4/19 15:08
1439,0.784532,-10.1596894,2.0397832,2022/4/19 15:08
1440,0.6276256,-9.9243298,2.0790098,2022/4/19 15:08
1441,0.3138128,-10.5519554,2.2751428,2022/4/19 15:08
1442,0.1569064,-10.1596894,1.8044236,2022/4/19 15:08
1443,0.6276256,-10.4342756,1.7259704,2022/4/19 15:08
1444,0.5099458,-10.002783,1.8436502,2022/4/19 15:08
1445,0.4314926,-10.591182,2.0005566,2022/4/19 15:08
1446,0.3138128,-10.3558224,1.8436502,2022/4/19 15:08
1447,0.7060788,-9.8458766,1.5298374,2022/4/19 15:08
1448,0.5491724,-10.2773692,1.2160246,2022/4/19 15:08
1449,0.5099458,-10.9049948,2.2359162,2022/4/19 15:08
1450,0.7060788,-10.3165958,2.353596,2022/4/19 15:08
1451,0.6276256,-10.5519554,1.8828768,2022/4/19 15:08
1452,0.8629852,-10.4342756,1.96133,2022/4/19 15:08
1453,0.196133,-9.8458766,1.8044236,2022/4/19 15:08
1454,0.0784532,-10.4342756,1.8828768,2022/4/19 15:08
1455,0.588399,-10.4735022,1.8828768,2022/4/19 15:08
1456,0.8237586,-10.4735022,1.6082906,2022/4/19 15:08
1457,0.392266,-10.3165958,1.6867438,2022/4/19 15:08
1458,0.5099458,-9.9243298,1.5298374,2022/4/19 15:08
1459,0.4707192,-10.1596894,1.9221034,2022/4/19 15:08
1460,0.2745862,-10.3165958,2.0005566,2022/4/19 15:08
1461,0.5099458,-10.395049,1.8044236,2022/4/19 15:08
1462,0.9414384,-10.198916,1.765197,2022/4/19 15:08
1463,0.7453054,-10.5127288,1.8828768,2022/4/19 15:08
1464,0.4707192,-10.0812362,1.8828768,2022/4/19 15:08
1465,0.4707192,-10.198916,1.8044236,2022/4/19 15:08
1466,0.8237586,-10.3558224,1.9221034,2022/4/19 15:08
1467,0.5099458,-10.3165958,2.0790098,2022/4/19 15:08
1468,0.4707192,-10.1204628,1.8044236,2022/4/19 15:08
1469,0.6276256,-10.2381426,2.0790098,2022/4/19 15:08
1470,0.588399,-10.3165958,1.8044236,2022/4/19 15:08
1471,0.4707192,-10.198916,1.8436502,2022/4/19 15:08
1472,0.392266,-10.6304086,2.0005566,2022/4/19 15:08
1473,0.5491724,-10.4735022,1.96133,2022/4/19 15:08
1474,0.6276256,-10.3558224,1.6867438,2022/4/19 15:08
1475,0.6276256,-10.002783,1.9221034,2022/4/19 15:08
1476,0.5099458,-10.2773692,2.0790098,2022/4/19 15:08
1477,0.5099458,-10.1596894,1.9221034,2022/4/19 15:08
1478,0.4314926,-10.198916,1.6475172,2022/4/19 15:08
1479,0.3530394,-10.002783,2.1182364,2022/4/19 15:08
1480,0.4314926,-10.198916,1.8436502,2022/4/19 15:08
1481,0.588399,-10.1204628,2.0397832,2022/4/19 15:08
1482,0.4707192,-10.1204628,1.7259704,2022/4/19 15:08
1483,0.6276256,-10.198916,1.569064,2022/4/19 15:08
1484,0.8237586,-10.4735022,2.157463,2022/4/19 15:08
1485,0.392266,-10.1204628,1.7259704,2022/4/19 15:08
1486,0.1176798,-10.395049,1.9221034,2022/4/19 15:08
1487,0.4707192,-10.9442214,2.0397832,2022/4/19 15:08
1488,0.2745862,-11.0619012,1.7259704,2022/4/19 15:08
1489,0.1569064,-10.1596894,1.7259704,2022/4/19 15:08
1490,0.6668522,-10.2381426,2.0790098,2022/4/19 15:08
1491,0.5099458,-10.7480884,2.0005566,2022/4/19 15:08
1492,0.4314926,-11.1011278,2.157463,2022/4/19 15:08
1493,0.6276256,-9.3751574,1.9221034,2022/4/19 15:08
1494,0.588399,-10.591182,1.4906108,2022/4/19 15:08
1495,0.3138128,-10.198916,1.96133,2022/4/19 15:08
1496,0.1176798,-10.1596894,2.0397832,2022/4/19 15:08
1497,0.5491724,-9.9635564,1.765197,2022/4/19 15:08
1498,0.588399,-9.9243298,1.8436502,2022/4/19 15:08
1499,0.2745862,-10.5127288,2.0397832,2022/4/19 15:08
1500,0.392266,-10.5127288,1.7259704,2022/4/19 15:08
1501,0.5099458,-10.0812362,1.5298374,2022/4/19 15:08
1502,0.9022118,-10.591182,1.6475172,2022/4/19 15:08
1503,0.196133,-10.395049,2.1966896,2022/4/19 15:08
1504,0.1176798,-10.1204628,1.8044236,2022/4/19 15:08
1505,0.3530394,-10.0420096,1.7259704,2022/4/19 15:08
1506,0.6276256,-10.0812362,1.6475172,2022/4/19 15:08
1507,0.392266,-10.3165958,1.8436502,2022/4/19 15:08
1508,0.6668522,-10.198916,2.1966896,2022/4/19 15:08
1509,0.8629852,-10.0812362,1.7259704,2022/4/19 15:08
1510,0.7060788,-9.5712904,2.1182364,2022/4/19 15:08
1511,0.0392266,-10.002783,2.2751428,2022/4/19 15:08
1512,0.8237586,-10.4735022,1.3337044,2022/4/19 15:08
1513,0.4314926,-10.395049,2.0790098,2022/4/19 15:08
1514,0.1176798,-10.4735022,2.549729,2022/4/19 15:08
1515,0.0784532,-11.0226746,2.4712758,2022/4/19 15:08
1516,-0.0784532,-10.6304086,1.6082906,2022/4/19 15:08
1517,0.588399,-10.2381426,2.157463,2022/4/19 15:08
1518,0.1569064,-11.1403544,1.6867438,2022/4/19 15:08
1519,0.6668522,-10.002783,2.1966896,2022/4/19 15:08
1520,0.3530394,-10.3558224,1.3337044,2022/4/19 15:08
1521,0.8237586,-10.5519554,2.157463,2022/4/19 15:08
1522,0.3530394,-10.395049,1.9221034,2022/4/19 15:08
1523,0.5099458,-10.198916,1.8828768,2022/4/19 15:08
1524,0.6276256,-10.1596894,1.9221034,2022/4/19 15:08
1525,0.7060788,-10.002783,1.96133,2022/4/19 15:08
1526,0.4707192,-10.6304086,2.0790098,2022/4/19 15:08
1527,0.3138128,-10.3165958,1.96133,2022/4/19 15:08
1528,0.6276256,-10.2773692,1.8044236,2022/4/19 15:08
1529,1.0591182,-10.3558224,1.8436502,2022/4/19 15:08
1530,0.2745862,-10.1204628,2.157463,2022/4/19 15:08
1531,0.588399,-10.395049,1.9221034,2022/4/19 15:08
1532,0.7060788,-10.198916,1.6867438,2022/4/19 15:08
1533,0.784532,-10.2381426,1.3337044,2022/4/19 15:08
1534,0.6276256,-10.2381426,1.96133,2022/4/19 15:08
1535,0.7060788,-10.1204628,2.0397832,2022/4/19 15:08
1536,0.7060788,-10.0420096,1.765197,2022/4/19 15:08
1537,0.6276256,-10.3558224,1.7259704,2022/4/19 15:08
1538,0.4707192,-10.1204628,2.4320492,2022/4/19 15:08
1539,0.4314926,-10.1596894,1.8044236,2022/4/19 15:08
1540,0.4707192,-10.0420096,1.8436502,2022/4/19 15:08
1541,0.1569064,-10.0420096,2.1182364,2022/4/19 15:08
1542,0.588399,-10.0420096,1.9221034,2022/4/19 15:08
1543,0.4314926,-10.1596894,2.0005566,2022/4/19 15:08
1544,0.392266,-10.0812362,1.8828768,2022/4/19 15:08
1545,0.5491724,-9.9243298,1.765197,2022/4/19 15:08
1546,0.6668522,-10.1204628,1.9221034,2022/4/19 15:08
1547,0.4314926,-10.198916,1.8828768,2022/4/19 15:08
1548,0.3138128,-10.2381426,1.8828768,2022/4/19 15:08
1549,0.588399,-10.3165958,1.96133,2022/4/19 15:08
1550,0.4707192,-10.2381426,1.8828768,2022/4/19 15:08
1551,0.392266,-9.9635564,1.8828768,2022/4/19 15:08
1552,0.3138128,-10.0420096,2.0397832,2022/4/19 15:08
1553,0.2745862,-11.0619012,2.1966896,2022/4/19 15:08
1554,0.9414384,-10.2773692,1.765197,2022/4/19 15:08
1555,0.196133,-11.4149406,1.9221034,2022/4/19 15:08
1556,0.588399,-10.3558224,2.0005566,2022/4/19 15:08
1557,0.392266,-9.7674234,2.0790098,2022/4/19 15:08
1558,0.6276256,-10.1204628,2.0005566,2022/4/19 15:08
1559,0.392266,-10.1204628,1.6475172,2022/4/19 15:08
1560,0.7060788,-10.2773692,1.4906108,2022/4/19 15:08
1561,0.3530394,-10.2773692,2.2359162,2022/4/19 15:08
1562,0.2353596,-10.0420096,2.3143694,2022/4/19 15:08
1563,0.5099458,-10.3165958,1.9221034,2022/4/19 15:08
1564,0.784532,-10.6696352,1.8044236,2022/4/19 15:08
1565,0.3138128,-10.2381426,1.9221034,2022/4/19 15:08
1566,0.4707192,-10.1204628,1.7259704,2022/4/19 15:08
1567,0.9414384,-10.2381426,1.7259704,2022/4/19 15:08
1568,0.392266,-10.4342756,2.1182364,2022/4/19 15:08
1569,0.1569064,-10.2381426,2.353596,2022/4/19 15:08
1570,0.5491724,-10.6696352,1.8044236,2022/4/19 15:08
1571,0.7453054,-10.198916,1.4121576,2022/4/19 15:08
1572,1.3337044,-8.825985,1.6475172,2022/4/19 15:08
1573,0.3138128,-10.002783,2.3143694,2022/4/19 15:08
1574,0.5491724,-11.1011278,2.2751428,2022/4/19 15:08
1575,0.6668522,-10.2381426,1.6867438,2022/4/19 15:08
1576,0.3530394,-10.0420096,1.8436502,2022/4/19 15:08
1577,0.1569064,-10.2381426,2.1182364,2022/4/19 15:08
1578,-0.2745862,-10.2381426,1.569064,2022/4/19 15:08
1579,0.5099458,-10.4342756,2.0397832,2022/4/19 15:08
1580,1.1375714,-10.3165958,1.4513842,2022/4/19 15:08
1581,0.7453054,-10.1596894,1.4906108,2022/4/19 15:08
1582,0.0392266,-10.9442214,2.0397832,2022/4/19 15:08
1583,0.9022118,-10.198916,1.569064,2022/4/19 15:08
1584,0.1569064,-10.4342756,1.8436502,2022/4/19 15:08
1585,0.6668522,-10.4342756,2.0397832,2022/4/19 15:08
1586,0.8237586,-10.3558224,1.8828768,2022/4/19 15:08
1587,0.7060788,-10.3558224,1.9221034,2022/4/19 15:08
1588,0.4707192,-10.1596894,1.8436502,2022/4/19 15:08
1589,0.392266,-10.3558224,2.0005566,2022/4/19 15:08
1590,0.6276256,-10.2773692,1.765197,2022/4/19 15:08
1591,0.7453054,-10.4342756,1.8436502,2022/4/19 15:08
1592,0.5099458,-10.3558224,2.0790098,2022/4/19 15:08
1593,0.4314926,-10.5127288,2.1182364,2022/4/19 15:08
1594,0.4314926,-10.1596894,1.8828768,2022/4/19 15:08
1595,0.5491724,-9.9243298,1.7259704,2022/4/19 15:08
1596,0.7060788,-10.1204628,1.9221034,2022/4/19 15:08
1597,0.784532,-10.3558224,2.0005566,2022/4/19 15:08
1598,0.7453054,-10.0420096,1.765197,2022/4/19 15:08
1599,0.5491724,-10.3558224,1.6082906,2022/4/19 15:08
1600,0.4314926,-10.5127288,2.2751428,2022/4/19 15:08
1601,0.3530394,-10.7480884,1.8828768,2022/4/19 15:08
1602,0.6668522,-10.0812362,1.9221034,2022/4/19 15:08
1603,0.588399,-10.1596894,1.6867438,2022/4/19 15:08
1604,0.5491724,-10.0812362,2.0005566,2022/4/19 15:08
1605,0.588399,-10.002783,2.0397832,2022/4/19 15:08
1606,0.5491724,-10.198916,1.765197,2022/4/19 15:08
1607,0.5491724,-9.9635564,1.6082906,2022/4/19 15:08
1608,0.6668522,-10.002783,2.0790098,2022/4/19 15:08
1609,0.4314926,-10.3165958,1.96133,2022/4/19 15:08
1610,0.588399,-10.198916,1.6475172,2022/4/19 15:08
1611,0.4707192,-9.9243298,1.2552512,2022/4/19 15:08
1612,0.6276256,-10.5127288,1.6082906,2022/4/19 15:08
1613,0.2353596,-9.8851032,2.0397832,2022/4/19 15:08
1614,0.392266,-10.4342756,2.2359162,2022/4/19 15:08
1615,0.4314926,-10.5519554,2.1966896,2022/4/19 15:08
1616,0.7060788,-10.5127288,1.96133,2022/4/19 15:08
1617,0.4707192,-10.787315,1.8436502,2022/4/19 15:08
1618,0.5491724,-10.1596894,1.8044236,2022/4/19 15:08
1619,0.6668522,-10.983448,1.2552512,2022/4/19 15:08
1620,0.4314926,-10.2773692,1.6475172,2022/4/19 15:08
